time,accel_x,accel_y,accel_z,accel_uni,strain
0.0,0.4,-0.4,-0.3,,1.78
0.009819999999990614,0.4,-0.4,-0.3,,1.78
0.019630000000006476,0.1,-0.6,-0.2,0.4,
0.02943999999990865,0.1,-0.6,-0.2,,2.69
0.03926000000001295,-0.3,0.3,-0.1,,1.18
0.049069999999915126,-0.3,0.3,-0.1,3.6,
0.05887999999993099,-0.5,-0.5,0.0,,1.27
0.0686999999999216,-0.5,-0.5,0.0,,1.27
0.07841999999993732,0.3,-0.4,0.9,,1.37
0.08823999999992793,0.3,-0.4,0.9,,1.37
0.0980499999999438,-0.2,0.5,-0.6,,2.28
0.10785999999995965,-0.2,0.5,-0.6,,2.28
0.11767999999995027,-0.6,-0.2,1.2,,1.55
0.12748999999996613,-0.6,-0.2,1.2,,1.55
0.137299999999982,-0.5,0.7,-0.1,,1.96
0.1471199999999726,-0.5,0.7,-0.1,0.2,
0.15692999999998847,1.4,0.2,0.3,-3.8,
0.16674000000000433,1.4,0.2,0.3,,2.6
0.17655999999999494,0.7,-0.5,0.0,3.6,
0.1863700000000108,0.7,-0.5,0.0,,1.18
0.19610000000000127,0.7,-0.5,0.0,,2.6
0.20590999999990345,-0.8,-0.1,-0.3,,2.6
0.21573000000000775,-0.8,-0.1,-0.3,,2.6
0.22553999999990992,0.7,-0.3,0.5,-0.6,
0.23534999999992579,0.7,-0.3,0.5,,1.69
0.2451699999999164,0.8,0.3,0.0,,2.01
0.25497999999993226,0.8,0.3,0.0,,2.01
0.2647899999999481,0.5,0.8,-1.4,,2.28
0.27460999999993874,0.5,0.8,-1.4,,2.28
0.2844199999999546,-0.2,-1.6,0.0,-6.0,
0.29422999999997046,-0.2,-1.6,0.0,,1.64
0.3040499999999611,-0.4,-0.5,1.1,,1.37
0.31385999999997694,-0.4,-0.5,1.1,2.2,
0.3236699999999928,0.2,-1.1,-0.2,,1.96
0.33339999999998327,0.2,-1.1,-0.2,,1.96
0.3432099999999991,-0.7,-0.5,-0.2,4.6,
0.35302999999998974,-0.7,-0.5,-0.2,,1.55
0.3628400000000056,-0.5,1.4,-0.4,,1.37
0.3726499999999078,-0.5,1.4,-0.4,-3.4,
0.3824700000000121,0.7,-0.2,0.5,,1.0
0.39227999999991425,0.7,-0.2,0.5,,1.0
0.4020899999999301,0.7,-0.2,0.5,,1.27
0.41190999999992073,-0.4,0.2,-0.1,,1.27
0.4217199999999366,-0.4,0.2,-0.1,,1.27
0.43152999999995245,0.5,0.4,0.1,,1.05
0.4412599999999429,0.5,0.4,0.1,1.6,
0.45107999999993353,0.5,0.4,-0.1,,2.28
0.4608899999999494,0.5,0.4,-0.1,,2.28
0.47069999999996526,0.4,0.2,0.3,,2.74
0.48051999999995587,0.4,0.2,0.3,,2.74
0.49032999999997173,0.8,0.6,1.2,,2.28
0.5001399999999876,0.8,0.6,1.2,0.4,
0.5099599999999782,0.1,-1.4,0.7,,1.0
0.5197699999999941,0.1,-1.4,0.7,,1.0
0.5295800000000099,0.1,-0.2,0.1,,1.69
0.5394000000000005,0.1,-0.2,0.1,,1.69
0.5491199999999026,0.3,0.5,0.1,,1.37
0.5589400000000069,0.3,0.5,0.1,,1.37
0.568749999999909,-0.2,-0.3,0.2,,2.6
0.5785599999999249,-0.2,-0.3,0.2,,2.6
0.5883799999999155,-0.2,-0.3,0.2,,2.6
0.5981899999999314,-0.7,0.4,0.0,,2.6
0.6079999999999472,-0.7,0.4,0.0,,2.6
0.6178199999999379,0.4,-0.4,-0.1,,1.73
0.6276299999999537,0.4,-0.4,-0.1,,1.73
0.6374399999999696,0.1,0.3,-0.1,,1.96
0.6472599999999602,0.1,0.3,-0.1,,1.96
0.6570699999999761,1.3,0.3,0.5,,2.74
0.6668799999999919,1.3,0.3,0.5,,2.74
0.6766099999999824,1.0,-0.6,0.2,,2.6
0.6864199999999983,1.0,-0.6,0.2,,2.6
0.6962399999999889,0.3,0.0,-0.3,3.8,
0.7060500000000047,0.3,0.0,-0.3,,1.64
0.7158599999999069,-0.5,0.5,-0.1,,1.73
0.7256800000000112,-0.5,0.5,-0.1,-2.0,
0.7354899999999134,0.3,0.9,0.0,,1.69
0.7452999999999292,0.3,0.9,0.0,,1.69
0.7551199999999199,0.0,0.1,-0.1,,1.96
0.7649299999999357,0.0,0.1,-0.1,,1.96
0.7747399999999516,0.0,0.1,-0.1,,1.69
0.7845599999999422,-0.2,0.0,-0.2,-3.4,
0.7942899999999327,-0.2,0.0,-0.2,,1.69
0.8040999999999485,0.4,-0.8,-1.3,,2.6
0.8139099999999644,0.4,-0.8,-1.3,,2.6
0.823729999999955,-0.6,-0.1,0.0,,1.82
0.8335399999999709,-0.6,-0.1,0.0,,1.82
0.8433499999999867,0.4,0.2,-1.6,,1.18
0.8531699999999773,0.4,0.2,-1.6,-2.0,
0.8629799999999932,-0.4,1.2,0.0,,1.37
0.8727900000000091,-0.4,1.2,0.0,,1.37
0.8826099999999997,-0.1,-0.2,0.6,,2.6
0.8924199999999018,-0.1,-0.2,0.6,,2.6
0.9022299999999177,0.4,0.5,-0.6,,1.73
0.9119599999999082,0.4,0.5,-0.6,-3.4,
0.921769999999924,1.4,-0.3,0.8,,2.6
0.9315899999999147,1.4,-0.3,0.8,,2.6
0.9413999999999305,-0.4,0.0,0.2,,1.69
0.9512099999999464,-0.4,0.0,0.2,,1.69
0.961029999999937,0.6,0.5,0.3,,2.28
0.9708399999999529,0.6,0.5,0.3,,2.28
0.9806499999999687,0.6,0.5,0.3,,1.55
0.9904699999999593,0.3,-0.2,0.4,,1.55
1.0002799999999752,0.3,-0.2,0.4,,1.55
1.010089999999991,0.3,-0.1,0.4,,1.69
1.0198199999999815,0.3,-0.1,0.4,,1.69
1.0296399999999721,-0.1,-1.4,0.9,,1.18
1.039449999999988,-0.1,-1.4,0.9,,1.18
1.0492600000000039,0.3,0.4,0.1,-3.4,
1.0590799999999945,0.3,0.4,0.1,,2.33
1.0688900000000103,-0.3,0.1,-0.1,,2.6
1.0786999999999125,-0.3,0.1,-0.1,-5.2,
1.0885199999999031,-0.6,-1.0,0.4,,1.69
1.098329999999919,-0.6,-1.0,0.4,,1.69
1.1081399999999348,-1.1,0.2,-0.1,1.6,
1.1179599999999255,-1.1,0.2,-0.1,,1.37
1.1277699999999413,0.6,0.1,0.2,,1.69
1.1375799999999572,0.6,0.1,0.2,2.2,
1.1473099999999476,-0.5,0.4,0.3,3.6,
1.1571199999999635,-0.5,0.4,0.3,,1.37
1.1669399999999541,-0.5,0.4,0.3,-2.4,
1.17674999999997,-0.6,0.5,0.3,,2.74
1.1865599999999858,-0.6,0.5,0.3,,2.74
1.1963799999999765,0.4,0.4,0.4,,1.73
1.2061899999999923,0.4,0.4,0.4,0.8,
1.2160000000000082,-0.8,-0.2,0.0,,1.69
1.2258199999999988,-0.8,-0.2,0.0,,1.69
1.235629999999901,0.6,0.5,-0.5,,2.28
1.2454399999999168,0.6,0.5,-0.5,,2.28
1.2551699999999073,0.2,-0.8,0.5,,1.69
1.2649799999999232,0.2,-0.8,0.5,,1.69
1.2747999999999138,0.4,0.0,-0.2,-2.6,
1.2846099999999296,0.4,0.0,-0.2,,1.73
1.2944199999999455,0.1,0.2,-0.3,,1.69
1.3042399999999361,0.1,0.2,-0.3,,1.69
1.314049999999952,-0.2,1.2,-0.2,,2.28
1.3238599999999678,-0.2,1.2,-0.2,,2.28
1.3336799999999585,1.3,-0.1,-0.3,1.0,
1.3434899999999743,1.3,-0.1,-0.3,1.0,
1.3532999999999902,0.0,0.0,0.4,,1.69
1.3631199999999808,0.0,0.0,0.4,,1.69
1.3729299999999967,0.0,0.0,0.4,,1.0
1.3827400000000125,0.9,0.5,0.4,,1.0
1.392470000000003,0.9,0.5,0.4,,1.0
1.4022899999999936,0.4,0.1,-0.4,-4.6,
1.4121000000000095,0.4,0.1,-0.4,,1.18
1.4219099999999116,0.3,0.3,0.8,,1.0
1.4317299999999022,0.3,0.3,0.8,-0.6,
1.441539999999918,0.0,0.0,0.3,,1.18
1.451349999999934,0.0,0.0,0.3,,1.18
1.4611699999999246,0.2,-1.3,0.2,-4.0,
1.4709799999999404,0.2,-1.3,0.2,,1.37
1.4807899999999563,0.2,-1.3,0.2,,1.18
1.490609999999947,0.2,-1.3,0.2,-2.0,
1.5004199999999628,0.4,-1.5,0.2,,1.69
1.5101499999999533,0.4,-1.5,0.2,,1.69
1.5199599999999691,0.2,-0.6,-0.2,,1.0
1.529769999999985,0.2,-0.6,-0.2,,1.0
1.5395899999999756,-0.6,-0.6,-0.1,,1.37
1.5493999999999915,-0.6,-0.6,-0.1,,1.37
1.5592100000000073,-0.6,-0.6,-0.1,,1.73
1.569029999999998,0.3,0.1,-0.4,,1.73
1.5788400000000138,0.3,0.1,-0.4,,1.73
1.588649999999916,0.6,-0.1,0.2,,1.69
1.5984699999999066,0.6,-0.1,0.2,,1.69
1.6082799999999224,-0.2,0.1,0.4,,1.0
1.6180899999999383,-0.2,0.1,0.4,3.6,
1.627909999999929,0.2,0.3,0.2,2.2,
1.6376399999999194,0.2,0.3,0.2,,1.46
1.6474499999999352,-0.3,0.6,0.2,,1.5
1.657259999999951,-0.3,0.6,0.2,,1.5
1.6670799999999417,0.2,0.0,-0.1,,2.28
1.6768899999999576,0.2,0.0,-0.1,,2.28
1.6866999999999734,-0.6,-0.1,0.5,2.2,
1.696519999999964,-0.6,-0.1,0.5,2.2,
1.70632999999998,0.3,-0.7,0.9,,1.69
1.7161399999999958,0.3,-0.7,0.9,,1.69
1.7259599999999864,0.3,0.0,0.0,,1.73
1.7357700000000023,0.3,0.0,0.0,,1.73
1.7455799999999044,-1.4,-0.3,-0.1,,2.33
1.7553100000000086,-1.4,-0.3,-0.1,-4.8,
1.7651199999999108,-1.4,-0.3,-0.1,,1.96
1.7749399999999014,0.1,0.5,-0.2,,1.96
1.7847499999999172,0.1,0.5,-0.2,3.6,
1.794559999999933,0.2,-0.5,-0.3,,1.37
1.8043799999999237,0.2,-0.5,-0.3,,1.37
1.8141899999999396,-0.4,0.4,-0.2,-4.8,
1.8239999999999554,-0.4,0.4,-0.2,,1.46
1.833819999999946,1.3,-0.3,0.0,,1.0
1.843629999999962,1.3,-0.3,0.0,-2.0,
1.8534399999999778,0.1,0.0,0.0,,2.42
1.8632599999999684,0.1,0.0,0.0,,2.42
1.872979999999984,0.0,0.1,0.1,,2.6
1.88288,0.0,0.1,0.1,,2.6
1.8926099999999906,0.4,-0.1,-1.4,,1.5
1.9024200000000064,0.4,-0.1,-1.4,,1.5
1.912239999999997,0.5,-1.5,0.1,,1.69
1.922050000000013,0.5,-1.5,0.1,,1.69
1.931859999999915,-1.2,-0.4,-1.3,,2.28
1.9416799999999057,-1.2,-0.4,-1.3,,2.28
1.9514899999999216,-1.2,-0.4,-1.3,,1.37
1.9612999999999374,-0.4,-0.8,0.0,,1.37
1.971119999999928,-0.4,-0.8,0.0,2.2,
1.980929999999944,-1.1,-0.7,-0.3,0.8,
1.9906599999999344,-1.1,-0.7,-0.3,,1.37
2.0004699999999502,-0.8,0.7,-0.5,,1.96
2.010289999999941,-0.8,0.7,-0.5,,1.96
2.0200999999999567,0.1,0.1,0.4,,1.96
2.0299099999999726,0.1,0.1,0.4,,1.96
2.039729999999963,-0.2,-0.2,-0.1,-2.4,
2.049539999999979,-0.2,-0.2,-0.1,,1.55
2.059349999999995,-0.3,0.3,0.0,,1.73
2.0691699999999855,-0.3,0.3,0.0,,1.73
2.0789800000000014,0.6,-0.3,-0.2,,1.46
2.0887899999999036,0.6,-0.3,-0.2,,1.46
2.098610000000008,-0.3,0.0,0.2,1.4,
2.10841999999991,-0.3,0.0,0.2,1.4,
2.118229999999926,0.4,0.3,0.1,,1.37
2.1279599999999164,0.4,0.3,0.1,,1.37
2.1377699999999322,0.3,-1.0,0.3,-2.4,
2.147589999999923,0.3,-1.0,0.3,,2.28
2.1573999999999387,0.3,-1.0,0.3,-4.0,
2.1672099999999546,0.8,1.1,-0.3,-4.0,
2.177029999999945,0.8,1.1,-0.3,,1.37
2.186839999999961,0.0,0.4,-0.3,,1.5
2.196649999999977,0.0,0.4,-0.3,-0.6,
2.2064699999999675,-1.6,-0.3,-0.4,,1.37
2.2162799999999834,-1.6,-0.3,-0.4,,1.37
2.2260899999999992,-0.3,0.2,-0.8,-4.0,
2.2358199999999897,-0.3,0.2,-0.8,,1.37
2.2456399999999803,0.7,0.1,0.4,,1.37
2.255449999999996,0.7,0.1,0.4,-4.0,
2.265260000000012,-0.8,0.0,0.0,,1.37
2.2750800000000027,-0.8,0.0,0.0,,1.37
2.284889999999905,0.3,1.5,0.1,,1.73
2.2946999999999207,0.3,1.5,0.1,,1.73
2.3045199999999113,0.5,0.6,0.3,-2.6,
2.314329999999927,0.5,0.6,0.3,,1.32
2.324139999999943,0.3,0.3,0.0,-3.4,
2.3339599999999336,0.3,0.3,0.0,-3.4,
2.3437699999999495,0.3,0.3,0.0,,1.18
2.3535799999999654,0.5,-0.3,1.2,,1.18
2.363309999999956,0.5,-0.3,1.2,,1.18
2.3731199999999717,-0.4,0.5,-0.4,,2.28
2.3829399999999623,-0.4,0.5,-0.4,,2.28
2.392749999999978,0.3,0.4,-0.4,1.2,
2.402559999999994,0.3,0.4,-0.4,,2.28
2.4123799999999846,0.3,0.3,1.1,,1.91
2.4221900000000005,0.3,0.3,1.1,,1.91
2.4319999999999027,-0.5,-1.4,0.9,,1.37
2.441820000000007,-0.5,-1.4,0.9,,1.37
2.451629999999909,0.5,0.0,0.3,-6.6,
2.461439999999925,0.5,0.0,0.3,-6.6,
2.4712599999999156,-0.1,-0.2,-0.6,,1.69
2.4810699999999315,-0.1,-0.2,-0.6,,1.69
2.490799999999922,0.6,-1.4,0.5,-2.4,
2.500609999999938,0.6,-1.4,0.5,,2.28
2.5104199999999537,0.7,-0.4,-1.2,,2.92
2.5202399999999443,0.7,-0.4,-1.2,-3.8,
2.53004999999996,0.3,0.2,-0.6,,1.46
2.539859999999976,0.3,0.2,-0.6,,1.46
2.5496799999999666,0.3,0.2,-0.6,,1.37
2.5594899999999825,0.3,-0.2,0.6,,1.37
2.5692999999999984,0.3,-0.2,0.6,,1.37
2.579119999999989,-1.4,-0.5,0.3,-3.8,
2.588930000000005,-1.4,-0.5,0.3,,2.28
2.598739999999907,0.0,0.2,-0.4,,2.1
2.6085600000000113,0.0,0.2,-0.4,0.4,
2.618290000000002,-0.5,-0.8,0.4,,1.0
2.628099999999904,-0.5,-0.8,0.4,,1.0
2.63790999999992,-0.2,-0.8,-0.4,,2.28
2.6477299999999104,-0.2,-0.8,-0.4,,2.28
2.6575399999999263,0.0,-0.3,-0.5,,1.37
2.667349999999942,0.0,-0.3,-0.5,,1.37
2.6771699999999328,-0.5,0.0,-0.4,,1.37
2.6869799999999486,-0.5,0.0,-0.4,,1.37
2.6967899999999645,0.0,0.8,0.0,,1.41
2.706609999999955,0.0,0.8,0.0,,1.41
2.716419999999971,0.4,-0.5,0.1,,1.0
2.726229999999987,0.4,-0.5,0.1,,1.0
2.7360499999999774,0.4,-0.5,0.1,,1.18
2.745769999999993,0.3,-0.7,0.0,3.6,
2.7555899999999838,0.3,-0.7,0.0,,1.18
2.7653999999999996,0.2,0.1,-0.4,,1.37
2.775209999999902,0.2,0.1,-0.4,,1.37
2.785030000000006,1.0,-0.2,0.6,,1.55
2.7948399999999083,1.0,-0.2,0.6,,1.55
2.804649999999924,0.8,-0.1,-0.2,-0.6,
2.8144699999999148,0.8,-0.1,-0.2,,1.37
2.8242799999999306,0.2,-0.1,-0.2,,1.5
2.8340899999999465,0.2,-0.1,-0.2,,1.5
2.843909999999937,0.2,0.1,0.4,-2.0,
2.853719999999953,0.2,0.1,0.4,,1.69
2.863529999999969,0.9,-0.1,-0.5,0.4,
2.8733499999999594,0.9,-0.1,-0.5,0.4,
2.88307999999995,-0.4,-0.1,-0.5,,1.0
2.8928899999999658,-0.4,-0.1,-0.5,,1.0
2.9026999999999816,0.4,-1.6,-0.7,,1.69
2.9125199999999722,0.4,-1.6,-0.7,,1.69
2.922329999999988,0.6,-0.1,0.3,,1.37
2.932140000000004,0.6,-0.1,0.3,-3.4,
2.9419599999999946,0.6,-0.1,0.3,,2.6
2.9517700000000104,0.4,0.0,-0.4,,2.6
2.9615799999999126,0.4,0.0,-0.4,-1.0,
2.9713999999999032,0.4,0.3,0.0,,1.5
2.981209999999919,0.4,0.3,0.0,,1.5
2.991019999999935,1.2,-0.5,0.6,0.8,
3.0007499999999254,1.2,-0.5,0.6,,1.18
3.0105599999999413,0.4,-1.0,0.0,,2.6
3.020379999999932,0.4,-1.0,0.0,-1.0,
3.0301899999999478,-1.2,0.4,0.1,,1.78
3.0399999999999636,-1.2,0.4,0.1,,1.78
3.0498199999999542,0.1,-1.2,0.6,,1.18
3.05962999999997,0.1,-1.2,0.6,,1.18
3.069439999999986,-0.7,0.2,-1.3,,1.69
3.0792599999999766,-0.7,0.2,-1.3,,1.69
3.0890699999999924,0.1,0.2,-0.5,,1.59
3.0988800000000083,0.1,0.2,-0.5,,1.59
3.108699999999999,0.5,-0.6,-0.1,,1.96
3.118419999999901,0.5,-0.6,-0.1,,1.96
3.1282400000000052,0.5,-0.6,-0.1,,1.69
3.1380499999999074,0.5,0.3,-0.6,,1.69
3.1478599999999233,0.5,0.3,-0.6,-4.0,
3.157679999999914,-0.2,0.8,0.0,,1.37
3.1674899999999298,-0.2,0.8,0.0,,1.37
3.1772999999999456,-0.2,-0.3,-1.6,,1.55
3.1871199999999362,-0.2,-0.3,-1.6,,1.55
3.196929999999952,-0.3,-1.1,-0.1,,2.6
3.206739999999968,-0.3,-1.1,-0.1,,2.6
3.2165599999999586,-0.3,0.4,-0.2,0.4,
3.2263699999999744,-0.3,0.4,-0.2,,2.28
3.236099999999965,-0.2,-1.0,0.1,,1.69
3.2459099999999808,-0.2,-1.0,0.1,,1.69
3.2557299999999714,-0.3,-0.1,0.1,-4.6,
3.2655399999999872,-0.3,-0.1,0.1,,1.96
3.275350000000003,0.2,0.3,-0.2,-2.0,
3.2851699999999937,0.2,0.3,-0.2,,1.78
3.2949800000000096,-0.6,0.8,-0.3,,1.27
3.4345799999999826,0.0,0.0,0.0,0.0,
3.4435399999999845,0.0,0.0,0.0,,0.0
3.453359999999975,0.0,0.0,0.0,0.0,
3.463169999999991,0.6,0.1,-0.5,-341.8,
3.472980000000007,0.6,0.1,-0.5,,1.37
3.4827999999999975,-0.6,0.1,0.0,,1.59
3.4926100000000133,-0.6,0.1,0.0,,1.59
3.502340000000004,-0.4,0.6,-0.7,-322.6,
3.512149999999906,-0.4,0.6,-0.7,,1.82
3.5219700000000103,0.8,0.3,-0.2,-314.8,
3.5317799999999124,0.8,0.3,-0.2,,2.74
3.5415899999999283,-0.8,0.5,0.0,,1.96
3.551409999999919,-0.8,0.5,0.0,,1.96
3.5612199999999348,-0.8,0.5,0.0,,1.96
3.5710299999999506,-0.6,0.3,-0.2,,1.69
3.5808499999999412,-0.6,0.3,-0.2,,1.69
3.590659999999957,0.5,0.6,-0.6,-287.0,
3.600469999999973,0.5,0.6,-0.6,,1.0
3.6102899999999636,-0.4,0.0,-0.1,,1.46
3.6200099999999793,-0.4,0.0,-0.1,,1.46
3.6299099999999953,0.0,0.3,0.0,,1.37
3.6396399999999858,0.0,0.3,0.0,,1.37
3.6494500000000016,0.4,1.5,-0.2,-251.4,
3.6592699999999923,0.4,1.5,-0.2,,2.92
3.669080000000008,-0.3,0.8,1.2,,2.14
3.6788899999999103,-0.3,0.8,1.2,,2.14
3.688709999999901,-0.4,0.6,0.7,,1.69
3.6985199999999168,-0.4,0.6,0.7,,1.69
3.7083299999999326,0.5,0.4,0.0,,1.59
3.7181499999999232,0.5,0.4,0.0,,1.59
3.7278799999999137,-0.6,0.5,-0.1,,2.42
3.7376899999999296,-0.6,0.5,-0.1,,2.42
3.7474999999999454,-0.6,0.5,-0.1,,1.73
3.757319999999936,0.3,0.2,-0.2,,1.73
3.767129999999952,0.3,0.2,-0.2,,1.73
3.7769399999999678,0.2,0.0,0.2,,2.28
3.7867599999999584,0.2,0.0,0.2,,2.28
3.7965699999999742,-1.4,0.1,-0.3,,2.6
3.80637999999999,-1.4,0.1,-0.3,,2.6
3.8161999999999807,6.8,82.1,54.9,,1.37
3.8260099999999966,6.8,82.1,54.9,,1.37
3.8358200000000124,0.8,-0.6,0.1,,2.28
3.845550000000003,0.8,-0.6,0.1,,2.28
3.855359999999905,-1.1,-0.2,0.1,-353.0,
3.8651800000000094,-1.1,-0.2,0.1,,1.55
3.8749899999999116,0.3,-1.6,-0.9,,1.37
3.8847999999999274,0.3,-1.6,-0.9,-357.8,
3.894619999999918,0.7,0.0,-0.5,,2.6
3.904429999999934,0.7,0.0,-0.5,,2.6
3.9142399999999498,0.3,0.2,0.3,,2.28
3.9240599999999404,0.3,0.2,0.3,,2.28
3.9338699999999562,-0.4,0.9,0.4,,2.6
3.943679999999972,-0.4,0.9,0.4,-359.8,
3.9534999999999627,-0.4,0.9,0.4,,1.64
3.9632199999999784,0.5,-0.1,0.6,,1.64
3.973039999999969,0.5,-0.1,0.6,,1.64
3.982849999999985,0.8,0.0,0.6,,1.69
3.9926600000000008,0.8,0.0,0.6,,1.69
4.002479999999991,-0.3,0.3,0.0,-352.8,
4.012290000000007,-0.3,0.3,0.0,,2.6
4.022099999999909,0.1,0.0,1.1,,1.73
4.031920000000014,0.1,0.0,1.1,,1.73
4.041729999999916,0.1,0.4,0.2,,1.78
4.051539999999932,0.1,0.4,0.2,,1.78
4.061359999999922,0.5,-0.4,1.4,,1.37
4.071169999999938,0.5,-0.4,1.4,,1.37
4.080899999999929,-0.3,-0.2,0.4,,1.55
4.090709999999945,-0.3,-0.2,0.4,,1.55
4.100529999999935,-0.6,-0.1,0.0,,2.28
4.110339999999951,-0.6,-0.1,0.0,,2.28
4.120149999999967,-0.6,0.7,-0.1,,1.73
4.1299699999999575,-0.6,0.7,-0.1,-356.4,
4.139779999999973,-0.6,0.7,-0.1,,2.28
4.149589999999989,-0.3,1.3,0.2,,2.28
4.15940999999998,-0.3,1.3,0.2,-359.8,
4.169219999999996,-0.5,0.3,-1.3,,1.37
4.179030000000012,-0.5,0.3,-1.3,,1.37
4.188760000000002,0.1,-0.4,0.1,,1.18
4.198569999999904,0.1,-0.4,0.1,,1.18
4.2083900000000085,0.2,0.5,0.1,,2.6
4.218199999999911,0.2,0.5,0.1,-355.6,
4.2280099999999265,-0.6,-0.4,-1.0,,1.18
4.237829999999917,-0.6,-0.4,-1.0,,1.18
4.247639999999933,0.8,0.1,-0.1,,1.96
4.257449999999949,0.8,0.1,-0.1,,1.96
4.2672699999999395,0.2,0.4,-0.5,,1.18
4.277079999999955,0.2,0.4,-0.5,,1.18
4.286889999999971,-1.6,-0.3,-0.6,,1.73
4.296709999999962,-1.6,-0.3,-0.6,,1.73
4.306519999999978,0.0,0.3,0.1,,1.37
4.316249999999968,0.0,0.3,0.1,,1.37
4.326059999999984,0.0,0.3,0.1,,1.27
4.335879999999975,-0.6,-1.2,-3.6,,1.27
4.3456899999999905,-0.6,-1.2,-3.6,-353.6,
4.355500000000006,-1.0,-0.4,-0.7,-358.4,
4.365319999999997,-1.0,-0.4,-0.7,,2.74
4.375130000000013,0.7,0.4,-0.3,,1.37
4.384939999999915,0.7,0.4,-0.3,,1.37
4.394759999999906,-0.5,0.2,1.3,,2.6
4.4045699999999215,-0.5,0.2,1.3,,2.6
4.414299999999912,0.0,-0.5,-0.4,-352.8,
4.424109999999928,0.0,-0.5,-0.4,,1.37
4.433919999999944,-0.3,0.9,0.2,,1.37
4.443739999999934,-0.3,0.9,0.2,,1.37
4.45354999999995,0.4,0.2,0.1,,2.6
4.463359999999966,0.4,0.2,0.1,,2.6
4.473179999999957,-0.4,-1.1,-0.2,-350.8,
4.4829899999999725,-0.4,-1.1,-0.2,-350.8,
4.492799999999988,-0.3,0.5,-0.7,,1.82
4.502619999999979,-0.3,0.5,-0.7,,1.82
4.512429999999995,1.3,0.3,-1.2,-354.2,
4.522240000000011,1.3,0.3,-1.2,,2.28
4.532060000000001,1.3,0.3,-1.2,-353.6,
4.541779999999903,-0.4,-0.6,-0.5,-353.6,
4.551600000000008,-0.4,-0.6,-0.5,,1.73
4.56140999999991,-0.7,-0.1,0.0,,1.37
4.571219999999926,-0.7,-0.1,0.0,-355.0,
4.581039999999916,1.4,0.3,-0.6,,1.41
4.590849999999932,1.4,0.3,-0.6,,1.41
4.600659999999948,-0.4,-0.9,-0.4,-356.6,
4.610479999999939,-0.4,-0.9,-0.4,,1.5
4.6202899999999545,-0.6,0.1,-0.2,,2.6
4.63009999999997,-0.6,0.1,-0.2,-359.8,
4.639919999999961,0.0,0.6,-0.9,,1.69
4.649729999999977,0.0,0.6,-0.9,,1.69
4.659459999999967,-0.4,0.9,-0.2,,2.6
4.669269999999983,-0.4,0.9,-0.2,,2.6
4.679089999999974,0.1,0.2,-1.6,-355.0,
4.68889999999999,0.1,0.2,-1.6,,1.37
4.6987100000000055,0.6,0.1,-0.6,-353.6,
4.708529999999996,0.6,0.1,-0.6,,1.59
4.718340000000012,0.6,0.1,-0.6,,2.92
4.728149999999914,1.3,-1.6,-0.1,,2.92
4.737969999999905,1.3,-1.6,-0.1,,2.92
4.747779999999921,-0.5,0.1,-1.6,,2.28
4.7575899999999365,-0.5,0.1,-1.6,,2.28
4.767319999999927,0.3,-0.4,0.1,-352.8,
4.777129999999943,0.3,-0.4,0.1,,2.74
4.786949999999933,0.1,0.1,-1.0,,2.6
4.796759999999949,0.1,0.1,-1.0,,2.6
4.806569999999965,1.2,0.0,-0.4,,2.28
4.816389999999956,1.2,0.0,-0.4,,2.28
4.826199999999972,3.9,4.1,-5.0,-350.8,
4.8360099999999875,3.9,4.1,-5.0,-350.8,
4.845829999999978,0.6,0.2,-1.5,,1.37
4.855639999999994,0.6,0.2,-1.5,,1.37
4.86545000000001,1.2,0.1,1.0,,1.73
4.87527,1.2,0.1,1.0,,1.73
4.885079999999903,0.7,1.2,-0.3,,1.82
4.8948899999999185,0.7,1.2,-0.3,-359.4,
4.904619999999909,0.8,-0.6,1.3,,1.55
4.914440000000013,0.8,-0.6,1.3,,1.55
4.924249999999915,0.8,-0.6,1.3,,1.18
4.934059999999931,0.4,0.8,-0.2,,1.18
4.943879999999922,0.4,0.8,-0.2,,1.18
4.953689999999938,0.4,0.3,0.4,,1.78
4.963499999999954,0.4,0.3,0.4,,1.78
4.973319999999944,0.5,0.1,1.2,,1.37
4.98312999999996,0.5,0.1,1.2,,1.37
4.992939999999976,-0.2,-0.1,-0.2,,0.86
5.002759999999967,-0.2,-0.1,-0.2,,0.86
5.012569999999982,0.3,0.6,-0.6,,1.73
5.022299999999973,0.3,0.6,-0.6,,1.73
5.032109999999989,-1.5,0.0,0.5,,1.73
5.041920000000005,-1.5,0.0,0.5,,1.73
5.051739999999995,0.2,1.2,0.0,,1.78
5.061550000000011,0.2,1.2,0.0,,1.78
5.071359999999913,0.3,0.5,0.0,,1.0
5.081179999999904,0.3,0.5,0.0,,1.0
5.09098999999992,-0.1,-0.5,0.7,,1.0
5.100799999999936,-0.1,-0.5,0.7,,1.0
5.110619999999926,-0.1,-0.5,0.7,,1.0
5.120429999999942,0.4,0.0,-0.2,-350.8,
5.130239999999958,0.4,0.0,-0.2,,1.0
5.139969999999948,-0.2,0.1,-1.3,,1.55
5.149779999999964,-0.2,0.1,-1.3,,1.55
5.159599999999955,-0.1,-0.4,-0.1,,1.69
5.169409999999971,-0.1,-0.4,-0.1,,1.69
5.179219999999987,-0.5,0.7,0.0,-350.8,
5.189039999999977,-0.5,0.7,0.0,,1.18
5.198849999999993,-1.3,0.3,0.1,,1.69
5.208660000000009,-1.3,0.3,0.1,,1.69
5.21848,-0.1,-1.5,0.2,,1.18
5.228289999999902,-0.1,-1.5,0.2,,1.18
5.238099999999918,-0.3,1.1,-0.2,-352.8,
5.247829999999908,-0.3,1.1,-0.2,-352.8,
5.257650000000012,-1.0,0.1,0.0,,1.69
5.2674599999999145,-1.0,0.1,0.0,,1.69
5.27726999999993,-0.3,-0.6,0.5,,2.28
5.287089999999921,-0.3,-0.6,0.5,,2.28
5.296899999999937,-0.2,-0.1,-1.0,,1.37
5.306709999999953,-0.2,-0.1,-1.0,-358.0,
5.316529999999943,-0.2,-0.1,-1.0,,1.0
5.326339999999959,0.3,1.2,-0.4,,1.0
5.336149999999975,0.3,1.2,-0.4,-345.2,
5.345969999999966,1.0,-1.1,-5.9,,1.69
5.3557799999999816,1.0,-1.1,-5.9,,1.69
5.365589999999997,-0.5,-0.1,-0.7,-350.8,
5.375319999999988,-0.5,-0.1,-0.7,,1.0
5.385130000000004,0.6,0.3,-0.2,,1.37
5.394949999999994,0.6,0.3,-0.2,-348.8,
5.40476000000001,0.3,-0.8,0.2,,1.73
5.414569999999912,0.3,-0.8,0.2,,1.73
5.424389999999903,-0.3,-1.3,0.1,,2.28
5.434199999999919,-0.3,-1.3,0.1,,2.28
5.444009999999935,0.2,-1.2,0.2,,1.37
5.453829999999925,0.2,-1.2,0.2,,1.37
5.463639999999941,0.2,-0.6,1.0,,1.37
5.473449999999957,0.2,-0.6,1.0,,1.37
5.483269999999948,-0.2,-0.8,-0.2,,1.78
5.492999999999938,-0.2,-0.8,-0.2,,1.78
5.502809999999954,-0.2,-0.8,-0.2,,2.1
5.51261999999997,-0.4,0.1,-0.4,,2.1
5.5224399999999605,-0.4,0.1,-0.4,-350.0,
5.532249999999976,0.1,-1.1,0.2,-339.6,
5.542059999999992,0.1,-1.1,0.2,,1.78
5.551879999999983,-0.1,-0.8,0.2,,2.28
5.561689999999999,-0.1,-0.8,0.2,,2.28
5.571499999999901,-0.5,0.7,-0.4,,1.18
5.581320000000005,-0.5,0.7,-0.4,,1.18
5.591129999999907,-1.4,-0.7,-0.4,-303.4,
5.600939999999923,-1.4,-0.7,-0.4,,2.42
5.610669999999914,-0.4,-1.1,0.0,,2.28
5.6204799999999295,-0.4,-1.1,0.0,,2.28
5.63029999999992,0.4,-0.3,-0.4,,1.37
5.640109999999936,0.4,-0.3,-0.4,,1.37
5.649919999999952,1.1,0.2,0.3,-271.4,
5.6597399999999425,1.1,0.2,0.3,-271.4,
5.669549999999958,-0.7,-0.3,-0.1,,1.46
5.679359999999974,-0.7,-0.3,-0.1,,1.46
5.689179999999965,-0.3,0.0,1.1,,1.18
5.698989999999981,-0.3,0.0,1.1,,1.18
5.7087999999999965,-0.3,0.0,1.1,-240.6,
5.718619999999987,0.3,0.4,-1.0,-240.6,
5.728430000000003,0.3,0.4,-1.0,,1.37
5.7381599999999935,-0.6,0.1,-0.3,,1.59
5.747970000000009,-0.6,0.1,-0.3,-235.0,
5.7577799999999115,0.4,0.4,0.1,,1.0
5.767599999999902,0.4,0.4,0.1,,1.0
5.777409999999918,0.3,-1.5,-0.3,-209.8,
5.787219999999934,0.3,-1.5,-0.3,,2.1
5.7970399999999245,-0.6,0.3,0.3,,1.5
5.80684999999994,-0.6,0.3,0.3,-202.4,
5.816659999999956,0.1,-0.1,0.6,,1.78
5.826479999999947,0.1,-0.1,0.6,,1.78
5.836289999999963,0.1,1.5,-0.3,,1.96
5.846019999999953,0.1,1.5,-0.3,,1.96
5.855829999999969,0.1,0.3,-0.7,-179.8,
5.86564999999996,0.1,0.3,-0.7,,2.28
5.8754599999999755,0.4,0.1,0.2,-163.4,
5.885269999999991,0.4,0.1,0.2,,1.96
5.895089999999982,0.4,0.1,0.2,,1.55
5.904899999999998,0.1,-1.5,-0.3,,1.55
5.914710000000014,0.1,-1.5,-0.3,,1.55
5.924530000000004,-0.4,-0.3,1.1,,1.18
5.9343399999999065,-0.4,-0.3,1.1,,1.18
5.944149999999922,0.4,0.1,0.0,-136.8,
5.953969999999913,0.4,0.1,0.0,,1.5
5.963779999999929,0.5,-0.6,-0.6,,1.18
5.973509999999919,0.5,-0.6,-0.6,,1.18
5.983319999999935,1.2,0.2,-0.4,,1.32
5.993129999999951,1.2,0.2,-0.4,,1.32
6.002949999999942,0.5,1.2,0.4,-122.0,
6.0127599999999575,0.5,1.2,0.4,-122.0,
6.022569999999973,0.3,-0.3,0.2,,2.74
6.032389999999964,0.3,-0.3,0.2,,2.74
6.04219999999998,0.2,0.1,0.8,-110.8,
6.052009999999996,0.2,0.1,0.8,,2.74
6.061829999999986,0.0,0.0,-0.3,,2.28
6.071640000000002,0.0,0.0,-0.3,-105.2,
6.081449999999904,0.4,-0.4,-0.4,,1.55
6.0911800000000085,0.4,-0.4,-0.4,,1.55
6.100999999999999,0.4,-0.4,-0.4,,1.78
6.110809999999901,-0.7,0.1,0.0,,1.78
6.120619999999917,-0.7,0.1,0.0,,1.78
6.130439999999908,0.0,1.5,0.3,-96.8,
6.140249999999924,0.0,1.5,0.3,,2.28
6.1500599999999395,0.5,-0.4,1.1,,1.41
6.15987999999993,0.5,-0.4,1.1,-83.2,
6.169689999999946,0.2,-0.1,0.4,,1.96
6.179499999999962,0.2,-0.1,0.4,,1.96
6.189319999999952,-0.7,0.0,-0.3,,2.74
6.199129999999968,-0.7,0.0,-0.3,,2.74
6.208859999999959,0.9,-0.3,0.3,,1.5
6.218669999999975,0.9,-0.3,0.3,,1.5
6.2284799999999905,0.4,0.5,-0.3,,1.78
6.238299999999981,0.4,0.5,-0.3,,1.78
6.248109999999997,-0.5,0.4,0.3,,1.73
6.257920000000013,-0.5,0.4,0.3,,1.73
6.267740000000003,0.8,-0.5,0.0,,1.37
6.277549999999906,0.8,-0.5,0.0,,1.37
6.2873599999999215,0.8,-0.5,0.0,,1.37
6.297179999999912,0.4,0.6,-0.3,-61.0,
6.306989999999928,0.4,0.6,-0.3,,1.37
6.316799999999944,-0.9,0.4,0.0,,1.32
6.326529999999934,-0.9,0.4,0.0,,1.32
6.33633999999995,-0.9,-0.5,0.5,,2.28
6.346159999999941,-0.9,-0.5,0.5,,2.28
6.355969999999957,0.1,0.7,0.6,-56.0,
6.3657799999999725,0.1,0.7,0.6,,1.69
6.375599999999963,-0.3,0.3,0.4,,1.37
6.385409999999979,-0.3,0.3,0.4,,1.37
6.395219999999995,-1.0,-0.4,0.3,-53.2,
6.405039999999985,-1.0,-0.4,0.3,,2.28
6.414850000000001,-0.2,-0.2,-0.1,-42.0,
6.4246599999999034,-0.2,-0.2,-0.1,-42.0,
6.434480000000008,0.3,0.5,0.4,,2.28
6.44428999999991,0.3,0.5,0.4,,2.28
6.454020000000014,0.4,0.3,0.3,,1.0
6.463829999999916,0.4,0.3,0.3,,1.0
6.473649999999907,0.3,-1.5,0.0,,2.28
6.483459999999923,0.3,-1.5,0.0,-43.2,
6.493269999999939,0.3,-1.5,0.0,,2.28
6.503089999999929,0.9,0.1,-0.1,,2.28
6.512899999999945,0.9,0.1,-0.1,-43.2,
6.522709999999961,0.2,-0.2,0.0,,2.14
6.5325299999999515,0.2,-0.2,0.0,,2.14
6.542339999999967,-0.3,-0.8,0.6,-35.4,
6.552149999999983,-0.3,-0.8,0.6,,1.59
6.561879999999974,-1.0,0.0,-0.4,,1.32
6.57168999999999,-1.0,0.0,-0.4,-28.6,
6.58150999999998,-0.1,-0.2,0.9,,1.69
6.591319999999996,-0.1,-0.2,0.9,,1.69
6.601130000000012,0.1,-1.0,0.5,,1.73
6.6109500000000025,0.1,-1.0,0.5,,1.73
6.620759999999905,0.0,0.5,-0.4,,1.37
6.630569999999921,0.0,0.5,-0.4,,1.37
6.640389999999911,0.2,-0.1,0.1,,1.59
6.650199999999927,0.2,-0.1,0.1,,1.59
6.660009999999943,0.7,-1.1,-1.1,,2.28
6.6698299999999335,0.7,-1.1,-1.1,,2.28
6.679559999999924,0.7,-1.1,-1.1,,1.37
6.68936999999994,0.2,0.4,-0.3,,1.37
6.699179999999956,0.2,0.4,-0.3,-26.6,
6.708999999999946,-0.4,0.9,-0.4,,1.37
6.718809999999962,-0.4,0.9,-0.4,,1.37
6.728619999999978,-0.3,-0.5,-1.1,,1.0
6.738439999999969,-0.3,-0.5,-1.1,,1.0
6.7482499999999845,-0.2,0.1,-0.2,,2.28
6.75806,-0.2,0.1,-0.2,,2.28
6.767879999999991,0.5,0.0,0.2,-26.4,
6.777690000000007,0.5,0.0,0.2,,2.28
6.787499999999909,-0.3,-0.2,0.0,,1.59
6.797320000000013,-0.3,-0.2,0.0,,1.59
6.807039999999915,-0.2,0.5,-0.3,-19.0,
6.816859999999906,-0.2,0.5,-0.3,,1.5
6.826669999999922,0.3,0.0,0.1,,1.37
6.836479999999938,0.3,0.0,0.1,,1.37
6.846299999999928,-0.2,-0.2,-0.3,,1.32
6.856109999999944,-0.2,-0.2,-0.3,,1.32
6.86591999999996,-0.3,0.0,-0.4,,1.96
6.875739999999951,-0.3,0.0,-0.4,,1.96
6.8855499999999665,-0.3,0.0,-0.4,-13.2,
6.895359999999982,0.4,0.2,-0.2,-13.2,
6.905179999999973,0.4,0.2,-0.2,,1.69
6.914989999999989,-0.5,-0.7,-0.2,,2.28
6.924800000000005,-0.5,-0.7,-0.2,-18.0,
6.934529999999995,-0.2,0.3,-0.6,,1.59
6.944340000000011,-0.2,0.3,-0.6,,1.59
6.954160000000002,0.0,0.0,-0.1,-7.6,
6.963969999999904,0.0,0.0,-0.1,,1.37
6.97377999999992,-0.5,1.1,0.0,,1.78
6.98359999999991,-0.5,1.1,0.0,,1.78
6.993409999999926,-0.6,0.3,0.3,,1.18
7.003219999999942,-0.6,0.3,0.3,,1.18
7.013039999999933,-0.3,0.3,-0.2,,2.28
7.0228499999999485,-0.3,0.3,-0.2,,2.28
7.032659999999964,-0.4,0.0,-0.6,,1.37
7.042389999999955,-0.4,0.0,-0.6,,1.37
7.052289999999971,-1.0,-0.5,0.0,-9.6,
7.062019999999961,-1.0,-0.5,0.0,,2.01
7.071829999999977,-1.0,-0.5,0.0,,1.18
7.081649999999968,0.8,-1.6,0.0,,1.18
7.091459999999984,0.8,-1.6,0.0,,1.18
7.1012699999999995,-0.9,0.5,0.4,,2.14
7.11108999999999,-0.9,0.5,0.4,-11.2,
7.120900000000006,0.5,0.1,0.0,-9.6,
7.130709999999908,0.5,0.1,0.0,,2.1
7.1405300000000125,0.4,0.3,0.0,,1.37
7.150339999999915,0.4,0.3,0.0,,1.37
7.1601499999999305,-0.8,0.2,-0.2,-6.2,
7.169879999999921,-0.8,0.2,-0.2,,2.37
7.179689999999937,-0.1,-0.2,0.6,,1.37
7.1895099999999275,-0.1,-0.2,0.6,,1.37
7.199319999999943,0.7,0.8,0.0,,2.74
7.209129999999959,0.7,0.8,0.0,,2.74
7.21894999999995,1.4,0.0,0.0,-8.2,
7.228759999999966,1.4,0.0,0.0,,1.0
7.2385699999999815,-0.3,0.1,-0.1,,1.37
7.248389999999972,-0.3,0.1,-0.1,-8.2,
7.258199999999988,0.9,0.2,0.8,,2.28
7.268010000000004,0.9,0.2,0.8,,2.28
7.2778299999999945,0.9,0.2,0.8,,2.28
7.28764000000001,0.4,-0.6,0.1,,1.18
7.297370000000001,0.4,-0.6,0.1,,1.18
7.307179999999903,0.6,0.0,0.0,-3.4,
7.317000000000007,0.6,0.0,0.0,,1.37
7.3268099999999095,0.1,-0.4,0.2,,1.41
7.336619999999925,0.1,-0.4,0.2,,1.41
7.346439999999916,-0.1,0.0,0.0,,1.37
7.356249999999932,-0.1,0.0,0.0,,1.37
7.366059999999948,0.2,0.4,0.3,,1.78
7.375879999999938,0.2,0.4,0.3,,1.78
7.385689999999954,-0.4,0.5,0.2,,1.64
7.39549999999997,-0.4,0.5,0.2,,1.64
7.4052299999999605,0.3,-0.4,-0.6,,1.73
7.415039999999976,0.3,-0.4,-0.6,,1.73
7.424859999999967,-0.2,0.5,0.0,,1.55
7.434669999999983,-0.2,0.5,0.0,,1.55
7.444479999999999,0.3,0.2,0.1,,2.33
7.454299999999989,0.3,0.2,0.1,,2.33
7.464110000000005,0.3,0.2,0.1,,2.1
7.473919999999907,-0.2,-1.5,0.4,,2.1
7.483740000000012,-0.2,-1.5,0.4,,2.1
7.493549999999914,0.5,0.6,-0.4,,1.46
7.50335999999993,0.5,0.6,-0.4,,1.46
7.51317999999992,-1.3,0.2,0.1,,1.37
7.522899999999936,-1.3,0.2,0.1,,1.37
7.532719999999927,0.2,-1.3,0.2,,1.69
7.5425299999999424,0.2,-1.3,0.2,,1.69
7.552339999999958,-0.2,0.9,-1.0,,1.37
7.562159999999949,-0.2,0.9,-1.0,,1.37
7.571969999999965,0.4,-0.1,-0.5,-5.2,
7.581779999999981,0.4,-0.1,-0.5,,2.28
7.591599999999971,0.0,-1.2,0.0,,1.73
7.601409999999987,0.0,-1.2,0.0,-2.0,
7.611220000000003,-0.3,1.0,-0.1,,1.96
7.621039999999994,-0.3,1.0,-0.1,,1.96
7.630769999999984,0.2,0.9,-0.3,,1.69
7.64058,0.2,0.9,-0.3,,1.69
7.650389999999902,0.0,-0.7,0.2,,1.69
7.660210000000006,0.0,-0.7,0.2,3.0,
7.670019999999909,0.0,-0.7,0.2,,1.18
7.679829999999924,0.6,0.7,-0.2,,1.18
7.689649999999915,0.6,0.7,-0.2,,1.18
7.699459999999931,0.2,-0.2,0.2,,1.27
7.709269999999947,0.2,-0.2,0.2,,1.27
7.719089999999937,0.0,-0.5,0.3,-6.8,
7.728899999999953,0.0,-0.5,0.3,,1.37
7.738629999999944,-0.6,0.1,0.2,,1.5
7.74843999999996,-0.6,0.1,0.2,,1.5
7.758249999999975,-1.5,-0.9,-4.1,,1.73
7.768069999999966,-1.5,-0.9,-4.1,,1.73
7.777879999999982,-0.2,-1.0,1.4,,1.37
7.787689999999998,-0.2,-1.0,1.4,,1.37
7.797509999999988,0.3,-0.2,-0.7,,1.59
7.807320000000004,0.3,-0.2,-0.7,,1.59
7.817129999999906,0.0,0.6,-0.5,,1.91
7.826950000000011,0.0,0.6,-0.5,,1.91
7.836759999999913,-0.3,-0.3,0.4,,1.55
7.846569999999929,-0.3,-0.3,0.4,,1.55
7.856389999999919,-0.3,-0.3,0.4,,1.69
7.86611999999991,-0.2,1.4,-0.3,,1.69
7.875929999999926,-0.2,1.4,-0.3,-353.6,
7.885739999999942,0.0,0.0,1.3,,2.28
7.895559999999932,0.0,0.0,1.3,,2.28
7.905369999999948,-0.4,-0.5,-0.5,,1.18
7.915179999999964,-0.4,-0.5,-0.5,,1.18
7.9249999999999545,-0.5,-0.5,0.2,,2.74
7.93480999999997,-0.5,-0.5,0.2,-352.8,
7.944619999999986,0.6,0.0,-0.6,,2.92
7.954439999999977,0.6,0.0,-0.6,,2.92
7.964249999999993,-1.1,0.8,0.1,,1.73
7.973979999999983,-1.1,0.8,0.1,,1.73
7.983789999999999,-0.8,0.9,-1.2,,1.73
7.993599999999901,-0.8,0.9,-1.2,,1.73
8.003420000000006,0.6,-0.1,-0.2,,1.37
8.013229999999908,0.6,-0.1,-0.2,,1.37
8.023039999999924,-0.7,1.0,-0.4,,1.96
8.032859999999914,-0.7,1.0,-0.4,,1.96
8.04266999999993,-0.7,1.0,-0.4,,1.91
8.052479999999946,0.8,0.3,-0.1,,1.91
8.062299999999937,0.8,0.3,-0.1,-350.8,
8.072109999999952,0.5,-0.9,0.0,-355.6,
8.081839999999943,0.5,-0.9,0.0,,2.55
8.091649999999959,0.2,0.2,-1.2,,1.87
8.101459999999975,0.2,0.2,-1.2,,1.87
8.111279999999965,0.1,0.6,0.2,,1.37
8.121089999999981,0.1,0.6,0.2,,1.37
8.130899999999997,0.2,0.5,0.1,-345.2,
8.140719999999988,0.2,0.5,0.1,,1.37
8.150530000000003,1.4,-0.1,0.0,,1.69
8.160339999999906,1.4,-0.1,0.0,,1.69
8.17016000000001,-1.0,0.3,0.1,,1.05
8.179969999999912,-1.0,0.3,0.1,,1.05
8.189779999999928,-0.3,-0.2,1.1,-317.0,
8.199509999999918,-0.3,-0.2,1.1,-317.0,
8.209329999999909,0.0,0.4,0.4,,1.78
8.219139999999925,0.0,0.4,0.4,,1.78
8.22894999999994,-0.7,0.2,-0.4,-299.2,
8.238769999999931,-0.7,0.2,-0.4,,2.6
8.248579999999947,-0.7,0.2,-0.4,-293.6,
8.258389999999963,-0.4,-0.1,1.5,-293.6,
8.268209999999954,-0.4,-0.1,1.5,,2.28
8.27801999999997,0.4,0.0,0.0,,1.69
8.287829999999985,0.4,0.0,0.0,-277.6,
8.297649999999976,0.3,-0.6,-0.1,,1.37
8.307459999999992,0.3,-0.6,-0.1,,1.37
8.317189999999982,-0.3,0.5,0.5,-258.2,
8.326999999999998,-0.3,0.5,0.5,,1.64
8.336810000000014,-0.5,0.2,0.3,,2.1
8.346630000000005,-0.5,0.2,0.3,-251.4,
8.356439999999907,0.5,0.5,0.2,,1.37
8.366249999999923,0.5,0.5,0.2,,1.37
8.376069999999913,-0.2,0.0,0.4,,1.41
8.38587999999993,-0.2,0.0,0.4,,1.41
8.395689999999945,0.2,-0.5,0.2,-213.6,
8.405509999999936,0.2,-0.5,0.2,,1.05
8.415319999999952,0.4,0.1,0.0,-201.4,
8.425129999999967,0.4,0.1,0.0,,1.78
8.434859999999958,-0.3,-0.2,-0.1,,1.73
8.444679999999948,-0.3,-0.2,-0.1,,1.73
8.454489999999964,-0.3,-0.2,-0.1,,1.73
8.46429999999998,-0.7,0.1,0.1,,2.6
8.47411999999997,-0.7,0.1,0.1,,2.6
8.483929999999987,-0.3,-1.3,-0.3,-170.8,
8.493740000000003,-0.3,-1.3,-0.3,,1.18
8.503559999999993,0.0,0.5,-0.3,,1.37
8.513370000000009,0.0,0.5,-0.3,,1.37
8.523179999999911,-0.6,-0.5,-0.3,,1.96
8.532999999999902,-0.6,-0.5,-0.3,,1.96
8.542809999999918,-0.4,0.3,-0.4,-153.6,
8.552539999999908,-0.4,0.3,-0.4,-153.6,
8.562349999999924,0.3,-0.1,1.2,,2.92
8.57215999999994,0.3,-0.1,1.2,,2.92
8.58197999999993,-0.9,-1.0,0.1,,1.37
8.591789999999946,-0.9,-1.0,0.1,,1.37
8.601599999999962,-0.6,0.1,0.0,,1.73
8.611419999999953,-0.6,0.1,0.0,-133.8,
8.621229999999969,-1.3,0.1,-0.2,,1.18
8.631039999999985,-1.3,0.1,-0.2,,1.18
8.640859999999975,-1.3,0.1,-0.2,,1.18
8.650669999999991,-0.6,1.2,0.0,,1.18
8.660480000000007,-0.6,1.2,0.0,,1.18
8.670299999999997,0.2,-0.1,0.1,,0.95
8.680110000000013,0.2,-0.1,0.1,,0.95
8.689840000000004,0.6,-0.1,0.2,,1.59
8.699649999999906,0.6,-0.1,0.2,,1.59
8.709459999999922,0.0,0.3,0.0,,1.69
8.719279999999912,0.0,0.3,0.0,,1.69
8.729089999999928,0.2,-0.1,0.1,,1.55
8.738899999999944,0.2,-0.1,0.1,,1.55
8.748719999999935,0.7,0.5,-0.6,,2.6
8.75852999999995,0.7,0.5,-0.6,,2.6
8.768339999999966,-0.7,0.5,-0.4,,2.1
8.778159999999957,-0.7,0.5,-0.4,,2.1
8.787969999999973,0.2,-0.4,-0.1,,1.73
8.797699999999963,0.2,-0.4,-0.1,,1.73
8.80750999999998,0.2,0.0,-0.4,,1.69
8.81732999999997,0.2,0.0,-0.4,,1.69
8.827139999999986,0.2,0.0,-0.4,,1.37
8.836950000000002,-0.6,0.5,-0.5,-73.6,
8.846769999999992,-0.6,0.5,-0.5,,1.37
8.856580000000008,0.8,0.2,0.1,,2.74
8.86638999999991,0.8,0.2,0.1,,2.74
8.876209999999901,0.3,1.4,0.0,,1.55
8.886019999999917,0.3,1.4,0.0,,1.55
8.895829999999933,0.2,0.3,-0.1,-67.4,
8.905649999999923,0.2,0.3,-0.1,,1.37
8.915459999999939,0.2,0.0,-0.1,,1.5
8.92518999999993,0.2,0.0,-0.1,,1.5
8.934999999999945,0.0,0.1,-0.4,,1.05
8.944809999999961,0.0,0.1,-0.4,,1.05
8.954629999999952,0.8,0.0,0.1,-51.8,
8.964439999999968,0.8,0.0,0.1,-51.8,
8.974249999999984,0.8,-0.1,0.0,,1.73
8.984069999999974,0.8,-0.1,0.0,,1.73
8.99387999999999,0.7,0.0,0.1,,2.6
9.003690000000006,0.7,0.0,0.1,,2.6
9.013509999999997,0.1,0.4,0.6,,1.37
9.023320000000012,0.1,0.4,0.6,-44.6,
9.033129999999915,0.1,0.4,0.6,,2.6
9.042859999999905,0.3,0.5,0.7,,2.6
9.05268000000001,0.3,0.5,0.7,-48.8,
9.062489999999912,-0.4,0.3,0.5,,2.6
9.072299999999927,-0.4,0.3,0.5,,2.6
9.082119999999918,-0.2,0.5,-0.4,-40.4,
9.091929999999934,-0.2,0.5,-0.4,,2.23
9.10173999999995,-0.2,0.6,-0.2,,2.28
9.11155999999994,-0.2,0.6,-0.2,-40.4,
9.121369999999956,-1.1,0.2,1.0,,1.69
9.131179999999972,-1.1,0.2,1.0,,1.69
9.140999999999963,0.6,-1.5,0.5,,1.18
9.150809999999979,0.6,-1.5,0.5,,1.18
9.160539999999969,0.8,0.5,-0.4,,1.69
9.170349999999985,0.8,0.5,-0.4,,1.69
9.18016,-0.5,-0.5,-0.4,,2.28
9.189979999999991,-0.5,-0.5,-0.4,,2.28
9.199790000000007,0.3,-1.0,0.6,,1.78
9.20959999999991,0.3,-1.0,0.6,,1.78
9.219420000000014,0.3,-1.0,0.6,,1.69
9.229229999999916,-0.6,1.2,0.1,,1.69
9.239039999999932,-0.6,1.2,0.1,-32.8,
9.248859999999922,-0.4,-0.1,0.2,-27.0,
9.258669999999938,-0.4,-0.1,0.2,,1.59
9.268399999999929,0.2,-0.7,-0.8,,1.69
9.278209999999945,0.2,-0.7,-0.8,,1.69
9.28801999999996,0.1,0.2,-0.3,,1.32
9.297839999999951,0.1,0.2,-0.3,,1.32
9.307649999999967,0.3,-0.7,0.0,-27.8,
9.317459999999983,0.3,-0.7,0.0,,1.55
9.327279999999973,-0.6,-0.5,-0.5,,2.6
9.33708999999999,-0.6,-0.5,-0.5,,2.6
9.346900000000005,-0.4,-1.2,-0.2,,1.27
9.356719999999996,-0.4,-1.2,-0.2,,1.27
9.366530000000012,0.0,-0.8,-1.0,-20.8,
9.376339999999914,0.0,-0.8,-1.0,-20.8,
9.386159999999904,0.2,-0.9,-0.3,,2.01
9.395890000000009,0.2,-0.9,-0.3,,2.01
9.40569999999991,0.3,-0.5,-0.2,-21.6,
9.415509999999927,0.3,-0.5,-0.2,,1.96
9.425329999999917,0.3,-0.5,-0.2,-16.6,
9.435139999999933,-0.1,-0.3,0.1,-16.6,
9.444949999999949,-0.1,-0.3,0.1,,2.14
9.45476999999994,-0.7,0.9,0.5,,2.6
9.464579999999955,-0.7,0.9,0.5,-22.2,
9.474389999999971,-0.3,0.0,-0.1,,1.55
9.484209999999962,-0.3,0.0,-0.1,,1.55
9.494019999999978,-0.2,-0.5,-0.3,-20.8,
9.503749999999968,-0.2,-0.5,-0.3,,1.96
9.513559999999984,-0.5,1.0,-0.1,,1.37
9.52337,-0.5,1.0,-0.1,-16.8,
9.53318999999999,0.4,0.0,-0.1,,2.28
9.543000000000006,0.4,0.0,-0.1,,2.28
9.552809999999909,0.4,0.0,-0.3,,2.01
9.562630000000013,0.4,0.0,-0.3,,2.01
9.572439999999915,-0.8,0.2,-0.4,-15.4,
9.58224999999993,-0.8,0.2,-0.4,,1.69
9.592069999999921,1.3,0.1,-0.6,-17.2,
9.601879999999937,1.3,0.1,-0.6,-17.2,
9.611609999999928,1.3,0.1,-0.6,,2.28
9.621419999999944,0.3,-0.4,-0.7,,2.28
9.631239999999934,0.3,-0.4,-0.7,,2.28
9.64104999999995,-0.6,0.2,-0.6,,1.73
9.650859999999966,-0.6,0.2,-0.6,,1.73
9.660679999999957,0.2,0.4,-0.4,-16.6,
9.670489999999972,0.2,0.4,-0.4,,2.28
9.680299999999988,0.4,-0.1,-0.4,,2.1
9.690119999999979,0.4,-0.1,-0.4,,2.1
9.699929999999995,-0.3,0.3,0.3,,2.28
9.70974000000001,-0.3,0.3,0.3,,2.28
9.719560000000001,-0.5,-0.3,-2.8,-357.6,
9.729369999999903,-0.5,-0.3,-2.8,-357.6,
9.739100000000008,1.0,0.5,2.5,,1.91
9.74890999999991,1.0,0.5,2.5,,1.91
9.758719999999926,-0.4,-0.1,-0.6,,2.69
9.768539999999916,-0.4,-0.1,-0.6,,2.69
9.778349999999932,0.4,-0.3,0.0,,2.33
9.788159999999948,0.4,-0.3,0.0,-355.0,
9.797979999999939,0.8,-0.3,1.0,,1.05
9.807789999999954,0.8,-0.3,1.0,,1.05
9.81759999999997,0.8,-0.3,1.0,,2.28
9.827419999999961,-0.6,0.2,0.2,,2.28
9.837229999999977,-0.6,0.2,0.2,,2.28
9.847039999999993,0.2,-0.4,0.1,,2.28
9.856769999999983,0.2,-0.4,0.1,,2.28
9.86667,0.7,0.0,0.6,,1.37
9.87639999999999,0.7,0.0,0.6,,1.37
9.886210000000005,0.0,0.0,0.2,,2.6
9.896019999999908,0.0,0.0,0.2,,2.6
9.905840000000012,0.1,0.2,0.3,,1.18
9.915649999999914,0.1,0.2,0.3,,1.18
9.92545999999993,0.5,-0.5,0.0,-357.2,
9.93527999999992,0.5,-0.5,0.0,,1.69
9.945089999999936,-0.3,1.1,-0.2,,1.73
9.954899999999952,-0.3,1.1,-0.2,-356.4,
9.964719999999943,0.0,0.8,-0.4,,1.37
9.974449999999933,0.0,0.8,-0.4,,1.37
9.98425999999995,-0.4,-0.9,0.5,,1.73
9.994069999999965,-0.4,-0.9,0.5,,1.73
10.003889999999956,-0.4,-0.9,0.5,,2.37
10.013699999999972,0.9,0.2,-0.6,-355.8,
10.023509999999987,0.9,0.2,-0.6,,2.37
10.033329999999978,0.2,-1.1,-0.4,,1.73
10.043139999999994,0.2,-1.1,-0.4,,1.73
10.05295000000001,-0.1,-1.0,0.1,,1.37
10.06277,-0.1,-1.0,0.1,,1.37
10.072579999999903,0.0,0.3,-0.5,,2.14
10.082389999999918,0.0,0.3,-0.5,-348.4,
10.092209999999909,0.3,0.0,-0.1,,1.18
10.101929999999925,0.3,0.0,-0.1,,1.18
10.111749999999915,1.4,-0.3,-0.1,,1.37
10.121559999999931,1.4,-0.3,-0.1,,1.37
10.131369999999947,0.0,1.3,0.0,,2.28
10.141189999999938,0.0,1.3,0.0,-355.6,
10.150999999999954,0.9,0.1,-0.2,-355.6,
10.16080999999997,0.9,0.1,-0.2,,2.74
10.17062999999996,0.2,-0.8,0.3,,1.05
10.180439999999976,0.2,-0.8,0.3,,1.05
10.190249999999992,-0.6,0.3,-0.1,,1.69
10.200069999999982,-0.6,0.3,-0.1,,1.69
10.209799999999973,-0.6,0.3,-0.1,,2.01
10.219609999999989,0.1,0.2,0.4,,2.01
10.229420000000005,0.1,0.2,0.4,,2.01
10.239239999999995,-0.5,-0.9,-0.2,,1.73
10.249050000000011,-0.5,-0.9,-0.2,,1.73
10.258859999999913,-0.9,0.0,-0.9,,1.37
10.268679999999904,-0.9,0.0,-0.9,,1.37
10.27848999999992,1.0,0.1,-0.2,-358.4,
10.288299999999936,1.0,0.1,-0.2,,2.28
10.298119999999926,0.5,-0.5,0.1,,1.87
10.307929999999942,0.5,-0.5,0.1,,1.87
10.317739999999958,-0.1,0.1,-0.3,,1.37
10.327469999999948,-0.1,0.1,-0.3,,1.37
10.337279999999964,0.6,1.2,0.2,-336.8,
10.347099999999955,0.6,1.2,0.2,,1.73
10.35690999999997,0.2,0.3,-0.7,,2.6
10.366719999999987,0.2,0.3,-0.7,-330.2,
10.376539999999977,0.4,0.3,-0.1,,1.69
10.386349999999993,0.4,0.3,-0.1,,1.69
10.396160000000009,0.4,0.3,-0.1,,1.0
10.40598,0.3,0.3,-0.2,,1.0
10.415789999999902,0.3,0.3,-0.2,,1.0
10.425599999999918,0.7,-0.2,0.6,-300.2,
10.435419999999908,0.7,-0.2,0.6,,1.18
10.445139999999924,0.4,1.3,0.7,,1.37
10.454959999999915,0.4,1.3,0.7,,1.37
10.46476999999993,-0.2,0.1,1.5,-283.8,
10.474579999999946,-0.2,0.1,1.5,,2.42
10.484399999999937,0.0,-0.4,0.4,-268.4,
10.494209999999953,0.0,-0.4,0.4,-268.4,
10.504019999999969,0.3,0.6,0.2,,1.0
10.51383999999996,0.3,0.6,0.2,,1.0
10.523649999999975,0.8,-0.2,1.1,-244.4,
10.533459999999991,0.8,-0.2,1.1,,1.96
10.543279999999982,-0.2,-1.5,0.4,,1.37
10.553089999999997,-0.2,-1.5,0.4,-236.4,
10.562900000000013,0.4,-0.6,-1.2,-224.2,
10.572630000000004,0.4,-0.6,-1.2,,1.41
10.582449999999994,-0.2,-0.1,0.6,-216.2,
10.59226000000001,-0.2,-0.1,0.6,,2.01
10.602069999999912,-0.2,-0.1,0.6,,2.28
10.611889999999903,-0.3,-0.2,0.9,,2.28
10.621699999999919,-0.3,-0.2,0.9,,2.28
10.631509999999935,0.0,-0.3,-1.3,-193.2,
10.641329999999925,0.0,-0.3,-1.3,,1.0
10.651139999999941,0.4,0.2,-0.1,,2.14
10.660949999999957,0.4,0.2,-0.1,,2.14
10.670769999999948,0.1,-0.4,0.4,,1.18
10.680489999999963,0.1,-0.4,0.4,,1.18
10.690309999999954,-1.5,0.7,-0.1,-169.4,
10.70011999999997,-1.5,0.7,-0.1,,1.41
10.709929999999986,-0.4,-1.2,-0.1,,1.73
10.719749999999976,-0.4,-1.2,-0.1,-159.4,
10.729559999999992,1.1,-1.1,0.3,,2.28
10.739370000000008,1.1,-1.1,0.3,,2.28
10.749189999999999,-0.4,-0.4,0.0,,2.74
10.7589999999999,-0.4,-0.4,0.0,,2.74
10.768809999999917,0.7,-1.3,0.7,,1.37
10.778629999999907,0.7,-1.3,0.7,,1.37
10.788439999999923,0.7,-1.3,0.7,,2.42
10.798169999999914,-0.4,-0.6,0.7,,2.42
10.80797999999993,-0.4,-0.6,0.7,,2.42
10.81779999999992,0.5,0.5,-0.3,-122.4,
10.827609999999936,0.5,0.5,-0.3,,1.37
10.837419999999952,0.1,0.0,-0.8,,1.27
10.847239999999942,0.1,0.0,-0.8,-113.0,
10.857049999999958,-0.2,-0.3,0.8,,2.28
10.866859999999974,-0.2,-0.3,0.8,,2.28
10.876679999999965,0.6,-1.6,-0.2,-106.0,
10.88648999999998,0.6,-1.6,-0.2,,1.0
10.896299999999997,-0.6,0.1,-0.2,,1.18
10.906119999999987,-0.6,0.1,-0.2,-103.2,
10.915840000000003,-1.5,-0.8,-0.1,,1.18
10.925659999999993,-1.5,-0.8,-0.1,,1.18
10.93547000000001,-0.5,0.1,-0.2,,1.0
10.945279999999912,-0.5,0.1,-0.2,,1.0
10.955099999999902,0.7,0.0,-0.3,,1.37
10.964909999999918,0.7,0.0,-0.3,-83.6,
10.974719999999934,-0.5,-0.6,0.2,,1.69
10.984539999999924,-0.5,-0.6,0.2,,1.69
10.99434999999994,-0.5,-0.6,0.2,,2.01
11.004159999999956,-0.4,0.1,-0.3,,2.01
11.013979999999947,-0.4,0.1,-0.3,,2.01
11.023789999999963,-1.5,-0.5,-0.3,,1.05
11.033519999999953,-1.5,-0.5,-0.3,,1.05
11.043329999999969,-0.7,-0.7,-0.2,,1.27
11.053139999999985,-0.7,-0.7,-0.2,,1.27
11.062959999999975,0.7,0.0,-0.4,,2.14
11.072769999999991,0.7,0.0,-0.4,,2.14
11.082580000000007,0.9,0.4,0.2,,1.0
11.092399999999998,0.9,0.4,0.2,,1.0
11.102210000000014,-0.8,1.0,0.0,-60.4,
11.112019999999916,-0.8,1.0,0.0,,1.37
11.121839999999906,-0.3,-0.2,1.0,,1.73
11.131649999999922,-0.3,-0.2,1.0,,1.73
11.141459999999938,0.8,0.0,-0.1,,1.0
11.151279999999929,0.8,0.0,-0.1,,1.0
11.16100999999992,-0.4,0.8,-0.2,,2.28
11.170819999999935,-0.4,0.8,-0.2,,2.28
11.180629999999951,-0.4,0.8,-0.2,,2.42
11.190449999999942,-0.5,0.4,0.3,,2.42
11.200259999999957,-0.5,0.4,0.3,,2.42
11.210069999999973,0.6,0.0,-0.2,,1.18
11.219889999999964,0.6,0.0,-0.2,,1.18
11.22969999999998,-0.2,0.5,-0.1,-47.0,
11.239509999999996,-0.2,0.5,-0.1,,1.37
11.249329999999986,-1.2,-0.1,-0.6,,1.73
11.259140000000002,-1.2,-0.1,-0.6,-46.6,
11.268949999999904,0.7,0.0,0.0,,1.18
11.278770000000009,0.7,0.0,0.0,,1.18
11.28848999999991,-0.5,0.4,1.5,-45.0,
11.298309999999901,-0.5,0.4,1.5,,1.18
11.308119999999917,-0.8,0.8,0.6,,1.91
11.317929999999933,-0.8,0.8,0.6,-37.2,
11.327749999999924,-0.2,-1.0,-0.7,,1.73
11.33755999999994,-0.2,-1.0,-0.7,,1.73
11.347369999999955,0.3,-0.2,1.1,,1.64
11.357189999999946,0.3,-0.2,1.1,,1.64
11.366999999999962,0.5,-0.3,0.0,,1.05
11.376809999999978,0.5,-0.3,0.0,-33.6,
11.386629999999968,0.5,-0.3,0.0,,1.0
11.396359999999959,0.5,-0.2,0.6,,1.0
11.406169999999975,0.5,-0.2,0.6,-28.2,
11.41597999999999,-0.3,0.0,0.4,,2.55
11.425799999999981,-0.3,0.0,0.4,,2.55
11.435609999999997,0.5,0.0,0.4,,1.32
11.445420000000013,0.5,0.0,0.4,,1.32
11.455240000000003,0.6,-0.4,0.1,,2.28
11.465049999999906,0.6,-0.4,0.1,,2.28
11.474859999999921,1.2,0.0,0.3,,1.0
11.484679999999912,1.2,0.0,0.3,,1.0
11.494489999999928,0.5,0.8,0.3,,1.37
11.504299999999944,0.5,0.8,0.3,,1.37
11.514029999999934,0.7,-0.6,-0.4,-26.8,
11.52383999999995,0.7,-0.6,-0.4,,1.37
11.53365999999994,0.9,-0.1,-0.3,,2.6
11.543469999999957,0.9,-0.1,-0.3,,2.6
11.553279999999972,-0.5,0.2,0.6,,1.0
11.563099999999963,-0.5,0.2,0.6,,1.0
11.572909999999979,-0.5,0.2,0.6,,1.41
11.582719999999995,0.5,0.0,0.4,,1.41
11.592539999999985,0.5,0.0,0.4,-24.0,
11.602350000000001,0.4,-0.1,0.6,,1.73
11.612159999999903,0.4,-0.1,0.6,,1.73
11.621890000000008,-0.2,0.9,-0.5,,1.96
11.63169999999991,-0.2,0.9,-0.5,,1.96
11.641520000000014,-1.9,-3.2,1.0,,1.27
11.651329999999916,-1.9,-3.2,1.0,,1.27
11.661139999999932,0.1,0.2,0.4,,2.28
11.670959999999923,0.1,0.2,0.4,,2.28
11.680769999999939,0.2,-0.5,0.1,,1.18
11.690579999999954,0.2,-0.5,0.1,,1.18
11.700399999999945,0.6,0.2,0.3,-350.6,
11.710209999999961,0.6,0.2,0.3,,1.64
11.720019999999977,0.4,0.2,0.4,,2.28
11.729839999999967,0.4,0.2,0.4,,2.28
11.739569999999958,0.4,0.0,-0.3,,1.0
11.749379999999974,0.4,0.0,-0.3,,1.0
11.75918999999999,-0.1,-0.2,0.5,,1.18
11.76900999999998,-0.1,-0.2,0.5,,1.18
11.778819999999996,-0.1,-0.2,0.5,,1.18
11.788630000000012,0.0,-0.5,0.5,-359.8,
11.798450000000003,0.0,-0.5,0.5,,2.28
11.808259999999905,0.0,-0.1,-0.4,,1.37
11.81806999999992,0.0,-0.1,-0.4,,1.37
11.827889999999911,0.2,0.6,0.4,,1.73
11.837699999999927,0.2,0.6,0.4,,1.73
11.847509999999943,-0.3,-0.2,0.5,-352.8,
11.857329999999934,-0.3,-0.2,0.5,,1.37
11.86704999999995,0.3,0.1,-0.1,,1.0
11.87686999999994,0.3,0.1,-0.1,,1.0
11.886679999999956,0.4,0.5,-0.5,,1.37
11.896489999999972,0.4,0.5,-0.5,,1.37
11.906309999999962,-0.1,-0.6,1.3,,1.32
11.916119999999978,-0.1,-0.6,1.3,,1.32
11.925929999999994,-0.3,0.5,-0.1,-355.8,
11.935749999999985,-0.3,0.5,-0.1,,0.95
11.94556,0.3,-0.4,-0.3,-350.8,
11.955369999999903,0.3,-0.4,-0.3,,1.18
11.965190000000007,0.3,-0.4,-0.3,,1.69
11.974919999999997,-0.7,-0.7,0.2,,1.69
11.984730000000013,-0.7,-0.7,0.2,,1.69
11.994539999999915,-0.3,-0.6,-0.5,,2.14
12.004359999999906,-0.3,-0.6,-0.5,,2.14
12.014169999999922,0.6,-0.1,1.3,,1.91
12.023979999999938,0.6,-0.1,1.3,,1.91
12.033799999999928,-0.1,-0.9,0.0,,2.28
12.043609999999944,-0.1,-0.9,0.0,,2.28
12.05341999999996,-0.2,-0.5,-0.5,-340.0,
12.06323999999995,-0.2,-0.5,-0.5,,2.1
12.073049999999967,-0.5,0.1,1.2,,1.37
12.082859999999982,-0.5,0.1,1.2,-336.0,
12.092589999999973,-0.4,-0.4,0.2,,1.5
12.102399999999989,-0.4,-0.4,0.2,,1.5
12.11221999999998,0.5,-0.3,-0.4,-320.8,
12.122029999999995,0.5,-0.3,-0.4,,1.37
12.131840000000011,0.0,-0.1,-0.1,,1.46
12.141660000000002,0.0,-0.1,-0.1,-303.8,
12.151469999999904,-0.6,1.2,-0.5,,1.59
12.16127999999992,-0.6,1.2,-0.5,,1.59
12.17109999999991,-0.6,1.2,-0.5,,1.59
12.180909999999926,-0.7,0.1,1.2,,1.37
12.190719999999942,-0.7,0.1,1.2,,1.37
12.200539999999933,0.3,0.5,-0.1,,1.69
12.210349999999949,0.3,0.5,-0.1,,1.69
12.220079999999939,-0.6,0.1,-0.7,,1.5
12.229889999999955,-0.6,0.1,-0.7,,1.5
12.23969999999997,0.0,-0.2,1.5,,1.37
12.249519999999961,0.0,-0.2,1.5,,1.37
12.259329999999977,0.3,1.4,-0.2,,1.18
12.269139999999993,0.3,1.4,-0.2,,1.18
12.278959999999984,-0.2,-0.2,0.5,,2.01
12.28877,-0.2,-0.2,0.5,,2.01
12.298579999999902,1.5,0.2,0.2,,1.91
12.308400000000006,1.5,0.2,0.2,,1.91
12.318209999999908,0.9,-0.2,-0.4,,1.91
12.327940000000012,0.9,-0.2,-0.4,,1.91
12.337749999999915,-0.8,0.3,1.1,,1.14
12.347569999999905,-0.8,0.3,1.1,,1.14
12.357379999999921,-0.8,0.3,1.1,,2.28
12.367189999999937,0.7,0.5,0.2,,2.28
12.377009999999927,0.7,0.5,0.2,,2.28
12.386819999999943,0.9,-0.7,-0.4,,1.37
12.39662999999996,0.9,-0.7,-0.4,,1.37
12.40644999999995,-0.2,-0.3,0.0,,1.27
12.416259999999966,-0.2,-0.3,0.0,,1.27
12.426069999999982,0.4,0.3,0.3,,1.5
12.435889999999972,0.4,0.3,0.3,,1.5
12.445609999999988,0.7,-0.4,0.2,,1.0
12.455429999999978,0.7,-0.4,0.2,,1.0
12.465239999999994,0.7,0.2,0.1,-149.0,
12.47505000000001,0.7,0.2,0.1,,1.5
12.48487,-0.1,0.9,0.0,,1.18
12.494679999999903,-0.1,0.9,0.0,-139.8,
12.504489999999919,-0.5,0.0,1.4,,1.69
12.51430999999991,-0.5,0.0,1.4,,1.69
12.524119999999925,0.4,0.2,0.6,,2.28
12.533929999999941,0.4,0.2,0.6,,2.28
12.543749999999932,0.4,0.2,0.6,,1.0
12.553559999999948,0.2,0.2,-0.7,-117.2,
12.563369999999964,0.2,0.2,-0.7,,2.28
12.573189999999954,0.0,0.0,0.0,,2.28
12.582919999999945,0.0,0.0,0.0,,2.28
12.59272999999996,-0.5,-1.4,0.0,,1.0
12.602539999999976,-0.5,-1.4,0.0,,1.0
12.612359999999967,0.1,0.3,-0.1,-103.2,
12.622169999999983,0.1,0.3,-0.1,-103.2,
12.631979999999999,-0.1,-0.2,0.3,,1.37
12.64179999999999,-0.1,-0.2,0.3,,1.37
12.651610000000005,0.4,-1.3,0.8,,1.37
12.661419999999907,0.4,-1.3,0.8,,1.37
12.671150000000011,0.1,-0.2,-0.6,,1.69
12.680959999999914,0.1,-0.2,-0.6,,1.69
12.690779999999904,0.2,-1.6,0.9,,1.37
12.70058999999992,0.2,-1.6,0.9,,1.37
12.710399999999936,0.2,-0.8,0.2,,1.73
12.720219999999927,0.2,-0.8,0.2,,1.73
12.730029999999942,0.2,0.3,0.1,,2.74
12.739839999999958,0.2,0.3,0.1,-79.2,
12.749659999999949,0.2,0.3,0.1,,2.6
12.759469999999965,0.7,-1.3,-0.4,,2.6
12.76927999999998,0.7,-1.3,-0.4,-79.8,
12.779099999999971,-0.5,-0.5,-0.3,,1.27
12.788909999999987,-0.5,-0.5,-0.3,,1.27
12.798639999999978,0.3,1.1,-0.4,,1.59
12.808449999999993,0.3,1.1,-0.4,,1.59
12.81826000000001,-0.5,0.0,-0.2,,1.73
12.82808,-0.5,0.0,-0.2,-66.2,
12.837889999999902,-0.9,-1.0,0.1,,1.41
12.847699999999918,-0.9,-1.0,0.1,,1.41
12.857519999999909,-0.6,0.5,-0.1,,1.32
12.867329999999924,-0.6,0.5,-0.1,,1.32
12.87713999999994,-0.1,0.4,-0.1,,1.37
12.886959999999931,-0.1,0.4,-0.1,,1.37
12.896689999999921,-0.5,-0.9,-0.2,,1.37
12.906499999999937,-0.5,-0.9,-0.2,,1.37
12.916309999999953,-0.2,0.0,0.9,,2.01
12.926129999999944,-0.2,0.0,0.9,,2.01
12.93593999999996,-0.2,0.0,0.9,,1.73
12.945749999999975,0.1,0.2,0.2,,1.73
12.955569999999966,0.1,0.2,0.2,-49.8,
12.965379999999982,-0.8,0.0,0.0,-51.8,
12.975189999999998,-0.8,0.0,0.0,,2.74
12.985009999999988,0.2,-0.2,-0.2,,1.46
12.994820000000004,0.2,-0.2,-0.2,,1.46
13.004629999999906,0.5,-0.4,0.1,,1.27
13.01436000000001,0.5,-0.4,0.1,,1.27
13.024169999999913,0.1,0.0,0.7,-34.2,
13.033989999999903,0.1,0.0,0.7,,1.18
13.04379999999992,-0.4,-1.4,-0.6,,2.28
13.053609999999935,-0.4,-1.4,-0.6,,2.28
13.063429999999926,0.6,0.2,1.5,,1.05
13.073239999999942,0.6,0.2,1.5,,1.05
13.083049999999957,-0.5,0.0,0.1,-30.2,
13.092869999999948,-0.5,0.0,0.1,-30.2,
13.102679999999964,0.1,0.2,0.3,,1.46
13.11248999999998,0.1,0.2,0.3,,1.46
13.12230999999997,-0.4,0.0,-0.2,-34.2,
13.132119999999986,-0.4,0.0,-0.2,,1.41
13.141849999999977,-0.4,0.0,-0.2,-30.0,
13.151659999999993,-0.2,0.3,0.4,-30.0,
13.161479999999983,-0.2,0.3,0.4,,1.0
13.171289999999999,0.2,0.2,-0.3,,1.0
13.181099999999901,0.2,0.2,-0.3,-24.4,
13.190920000000006,-0.1,0.2,-0.1,,2.28
13.200729999999908,-0.1,0.2,-0.1,,2.28
13.210539999999924,-0.4,0.2,-0.2,-24.0,
13.220359999999914,-0.4,0.2,-0.2,,1.37
13.23016999999993,-0.8,0.3,-0.5,,2.28
13.239979999999946,-0.8,0.3,-0.5,-30.6,
13.249799999999937,0.1,0.1,0.0,,1.78
13.259519999999952,0.1,0.1,0.0,,1.78
13.269339999999943,0.2,0.6,0.5,,2.33
13.279149999999959,0.2,0.6,0.5,,2.33
13.288959999999975,0.1,1.2,-0.6,-23.8,
13.298779999999965,0.1,1.2,-0.6,,1.5
13.308589999999981,0.6,-1.5,0.8,-20.8,
13.318399999999997,0.6,-1.5,0.8,-20.8,
13.328219999999988,0.6,-1.5,0.8,,1.73
13.338030000000003,0.1,-2.1,5.9,,1.73
13.347839999999906,0.1,-2.1,5.9,,1.73
13.35766000000001,-0.3,0.3,1.8,,1.37
13.367469999999912,-0.3,0.3,1.8,,1.37
13.377279999999928,0.2,-1.2,0.3,-353.6,
13.387009999999918,0.2,-1.2,0.3,,0.86
13.396819999999934,0.5,-0.5,0.2,,1.73
13.406639999999925,0.5,-0.5,0.2,,1.73
13.41644999999994,0.1,-1.3,0.1,,1.0
13.426259999999957,0.1,-1.3,0.1,,1.0
13.436079999999947,-0.2,-0.7,0.3,-358.4,
13.445889999999963,-0.2,-0.7,0.3,-358.4,
13.455699999999979,0.0,0.1,-0.3,,1.73
13.46551999999997,0.0,0.1,-0.3,,1.73
13.475329999999985,-0.4,-0.3,0.0,,1.37
13.485140000000001,-0.4,-0.3,0.0,,1.37
13.494869999999992,0.2,-0.6,-1.0,,1.69
13.504689999999982,0.2,-0.6,-1.0,-353.6,
13.514499999999998,-0.5,-0.6,-0.1,,1.78
13.524310000000014,-0.5,-0.6,-0.1,,1.78
13.534130000000005,-0.5,-0.6,-0.1,,1.78
13.543939999999907,-0.5,-0.1,-0.8,,1.78
13.553749999999923,-0.5,-0.1,-0.8,,1.78
13.563569999999913,1.2,-0.8,-0.3,,1.37
13.57337999999993,1.2,-0.8,-0.3,,1.37
13.583189999999945,-1.0,0.6,0.0,,1.32
13.593009999999936,-1.0,0.6,0.0,,1.32
13.602819999999952,0.4,-0.3,-0.1,,1.37
13.612629999999967,0.4,-0.3,-0.1,,1.37
13.622359999999958,-0.6,0.2,0.0,,1.5
13.632169999999974,-0.6,0.2,0.0,,1.5
13.641989999999964,-0.4,1.3,-0.3,-357.8,
13.65179999999998,-0.4,1.3,-0.3,,1.37
13.661609999999996,0.0,-0.5,1.4,,2.42
13.671429999999987,0.0,-0.5,1.4,-355.6,
13.681240000000003,-0.4,-0.8,0.0,,1.69
13.691049999999905,-0.4,-0.8,0.0,,1.69
13.700870000000009,-1.0,0.6,-0.4,,1.0
13.710679999999911,-1.0,0.6,-0.4,,1.0
13.720489999999927,-1.0,0.6,-0.4,,1.0
13.730219999999917,0.3,-0.1,-0.1,-355.0,
13.740039999999908,0.3,-0.1,-0.1,,1.0
13.749849999999924,0.9,0.4,0.0,,1.69
13.75965999999994,0.9,0.4,0.0,,1.69
13.76947999999993,-0.4,0.5,-0.4,,1.5
13.779289999999946,-0.4,0.5,-0.4,,1.5
13.789099999999962,0.2,0.2,0.0,,1.46
13.798919999999953,0.2,0.2,0.0,-355.8,
13.808729999999969,0.9,0.5,0.3,,1.69
13.818539999999985,0.9,0.5,0.3,,1.69
13.828359999999975,1.4,0.2,0.3,,2.74
13.838169999999991,1.4,0.2,0.3,,2.74
13.847980000000007,-0.5,-0.2,0.3,,1.73
13.857709999999997,-0.5,-0.2,0.3,-356.4,
13.867520000000013,0.4,0.0,-0.4,-356.4,
13.877340000000004,0.4,0.0,-0.4,,1.37
13.887149999999906,-0.6,-0.4,0.0,,1.14
13.896959999999922,-0.6,-0.4,0.0,,1.14
13.906779999999912,0.1,0.3,0.3,,1.64
13.916589999999928,0.1,0.3,0.3,,1.64
13.926399999999944,0.1,0.3,0.3,,1.96
13.936219999999935,-1.2,-0.5,0.1,,1.96
13.94602999999995,-1.2,-0.5,0.1,-356.0,
13.955839999999966,-0.9,1.0,0.2,,1.05
13.965659999999957,-0.9,1.0,0.2,,1.05
13.975379999999973,0.5,-0.5,0.3,,1.69
13.985199999999963,0.5,-0.5,0.3,,1.69
13.99500999999998,0.1,0.6,0.4,,1.37
14.004819999999995,0.1,0.6,0.4,,1.37
14.014639999999986,-0.3,0.3,-0.1,,2.1
14.024450000000002,-0.3,0.3,-0.1,,2.1
14.034259999999904,-1.2,-0.6,1.4,,1.09
14.044080000000008,-1.2,-0.6,1.4,,1.09
14.05388999999991,0.6,0.4,0.3,-341.4,
14.063699999999926,0.6,0.4,0.3,,2.28
14.073519999999917,-0.7,0.5,0.0,,1.37
14.083329999999933,-0.7,0.5,0.0,-333.4,
14.093059999999923,1.3,1.1,0.1,,1.18
14.102869999999939,1.3,1.1,0.1,,1.18
14.11268999999993,1.3,1.1,0.1,-312.0,
14.122499999999945,-0.2,-1.2,0.3,,2.28
14.132309999999961,-0.2,-1.2,0.3,,2.28
14.142129999999952,0.4,0.1,1.3,-300.2,
14.151939999999968,0.4,0.1,1.3,,1.0
14.161749999999984,-0.4,0.0,0.0,,1.78
14.171569999999974,-0.4,0.0,0.0,,1.78
14.18137999999999,0.6,-0.6,-0.2,,2.28
14.191190000000006,0.6,-0.6,-0.2,,2.28
14.201009999999997,-1.3,0.4,0.2,-271.8,
14.210730000000012,-1.3,0.4,0.2,-271.8,
14.220550000000003,0.1,-1.3,-0.2,,1.73
14.230359999999905,0.1,-1.3,-0.2,,1.73
14.240169999999921,-0.6,-0.4,-0.2,,1.18
14.249989999999912,-0.6,-0.4,-0.2,,1.18
14.259799999999927,0.1,1.0,-0.3,,1.37
14.269609999999943,0.1,1.0,-0.3,-237.8,
14.279429999999934,-0.4,-0.4,0.0,,1.37
14.28923999999995,-0.4,-0.4,0.0,,1.37
14.299049999999966,0.4,-0.2,0.0,-219.0,
14.308869999999956,0.4,-0.2,0.0,,2.28
14.318679999999972,0.4,-0.2,0.0,,1.0
14.328409999999963,0.1,0.3,-0.5,,1.0
14.338219999999978,0.1,0.3,-0.5,,1.0
14.348039999999969,-0.4,0.5,-0.2,,2.1
14.357849999999985,-0.4,0.5,-0.2,-205.0,
14.36766,-0.3,-0.8,-0.1,,1.0
14.377479999999991,-0.3,-0.8,-0.1,,1.0
14.387290000000007,0.1,0.0,-0.1,,1.69
14.39709999999991,0.1,0.0,-0.1,,1.69
14.406920000000014,1.2,-0.5,-0.2,,1.59
14.416729999999916,1.2,-0.5,-0.2,,1.59
14.426539999999932,0.1,1.3,-0.3,,1.0
14.436269999999922,0.1,1.3,-0.3,,1.0
14.446079999999938,0.0,0.0,-1.5,,1.69
14.455899999999929,0.0,0.0,-1.5,,1.69
14.465709999999945,0.6,0.2,-0.2,-151.6,
14.47551999999996,0.6,0.2,-0.2,,2.28
14.485339999999951,0.3,0.2,-0.2,-142.6,
14.495149999999967,0.3,0.2,-0.2,,1.59
14.504959999999983,0.3,0.2,-0.2,,1.55
14.514779999999973,-0.5,0.4,0.5,,1.55
14.52458999999999,-0.5,0.4,0.5,,1.55
14.534400000000005,0.4,0.2,0.4,,1.96
14.544219999999996,0.4,0.2,0.4,,1.96
14.553940000000011,-0.2,0.4,1.2,,2.42
14.563760000000002,-0.2,0.4,1.2,-120.0,
14.573569999999904,0.1,1.1,-0.2,,2.74
14.58337999999992,0.1,1.1,-0.2,,2.74
14.59319999999991,0.3,0.1,0.1,,1.69
14.603009999999927,0.3,0.1,0.1,,1.69
14.612819999999942,1.1,0.3,0.3,,1.5
14.622639999999933,1.1,0.3,0.3,-104.4,
14.632449999999949,-0.6,-1.5,0.5,,1.37
14.642259999999965,-0.6,-1.5,0.5,,1.37
14.652079999999955,0.1,0.2,0.1,,1.69
14.661809999999946,0.1,0.2,0.1,,1.69
14.671619999999962,-0.3,1.0,-0.2,,1.18
14.681429999999978,-0.3,1.0,-0.2,-90.6,
14.691249999999968,0.2,0.4,0.1,,2.6
14.701059999999984,0.2,0.4,0.1,,2.6
14.71087,0.2,0.4,0.1,,1.78
14.72068999999999,0.5,0.0,1.4,,1.78
14.730500000000006,0.5,0.0,1.4,,1.78
14.740309999999909,-0.6,-0.7,0.2,,2.87
14.750130000000013,-0.6,-0.7,0.2,,2.87
14.759939999999915,0.3,0.4,-0.1,,2.6
14.76974999999993,0.3,0.4,-0.1,,2.6
14.779479999999921,0.0,-0.2,0.4,,1.69
14.789289999999937,0.0,-0.2,0.4,,1.69
14.799109999999928,-0.1,-1.4,0.5,,2.28
14.808919999999944,-0.1,-1.4,0.5,,2.28
14.81872999999996,-0.2,0.3,0.0,-70.0,
14.82854999999995,-0.2,0.3,0.0,,2.1
14.838359999999966,-2.1,-1.0,-7.6,,1.73
14.848169999999982,-2.1,-1.0,-7.6,,1.73
14.857989999999972,0.2,-0.8,0.8,,1.78
14.867799999999988,0.2,-0.8,0.8,,1.78
14.877610000000004,0.2,0.4,0.2,,1.69
14.887429999999995,0.2,0.4,0.2,,1.69
14.89724000000001,0.2,0.4,0.2,,1.87
14.906970000000001,-0.5,-0.7,0.0,,1.87
14.916779999999903,-0.5,-0.7,0.0,,1.87
14.926600000000008,-0.6,-0.2,-1.5,,1.73
14.93640999999991,-0.6,-0.2,-1.5,,1.73
14.946219999999926,0.0,0.1,-0.5,,1.0
14.956039999999916,0.0,0.1,-0.5,,1.0
14.965849999999932,0.4,-0.6,-0.1,,1.14
14.975659999999948,0.4,-0.6,-0.1,-353.4,
14.985479999999939,-1.2,-1.0,1.4,,1.0
14.995199999999954,-1.2,-1.0,1.4,,1.0
15.005019999999945,0.2,-1.5,0.3,,2.28
15.014919999999961,0.2,-1.5,0.3,,2.28
15.024639999999977,-0.3,-0.9,0.2,,2.28
15.034459999999967,-0.3,-0.9,0.2,-357.0,
15.044269999999983,0.5,-0.4,-0.1,-350.8,
15.054079999999999,0.5,-0.4,-0.1,,1.18
15.06389999999999,0.7,-1.5,0.2,,1.37
15.073710000000005,0.7,-1.5,0.2,,1.37
15.083519999999908,-0.4,0.2,-0.1,,1.18
15.093340000000012,-0.4,0.2,-0.1,,1.18
15.103149999999914,-0.4,0.2,-0.1,-353.6,
15.11295999999993,-0.1,0.0,-0.8,,1.0
15.12277999999992,-0.1,0.0,-0.8,,1.0
15.132499999999936,0.4,0.1,0.0,,1.69
15.142319999999927,0.4,0.1,0.0,,1.69
15.152129999999943,1.4,0.0,0.4,,2.6
15.161939999999959,1.4,0.0,0.4,,2.6
15.17175999999995,0.1,-0.4,0.2,-357.0,
15.181569999999965,0.1,-0.4,0.2,,2.42
15.191379999999981,0.0,0.3,0.3,,2.33
15.201199999999972,0.0,0.3,0.3,,2.33
15.211009999999987,0.5,0.3,0.4,,1.46
15.220820000000003,0.5,0.3,0.4,,1.46
15.230639999999994,-1.1,0.5,0.4,-348.0,
15.24045000000001,-1.1,0.5,0.4,,1.18
15.25018,1.0,-0.3,0.1,,1.78
15.259989999999902,1.0,-0.3,0.1,,1.78
15.269810000000007,0.0,1.3,-0.3,,1.73
15.279619999999909,0.0,1.3,-0.3,,1.73
15.289429999999925,0.0,1.3,-0.3,-350.8,
15.299249999999915,-0.2,0.5,-1.5,,1.46
15.309059999999931,-0.2,0.5,-1.5,,1.46
15.318869999999947,0.2,-0.2,0.4,,1.0
15.328689999999938,0.2,-0.2,0.4,-343.8,
15.338499999999954,0.4,-1.5,0.5,,1.37
15.34830999999997,0.4,-1.5,0.5,,1.37
15.35803999999996,-4.7,0.6,-2.0,-353.0,
15.367939999999976,-4.7,0.6,-2.0,,1.37
15.377669999999966,-0.7,0.9,0.4,,1.37
15.387479999999982,-0.7,0.9,0.4,-357.8,
15.397289999999998,0.4,0.1,-0.2,,1.27
15.407109999999989,0.4,0.1,-0.2,,1.27
15.416920000000005,0.9,-0.3,0.0,-356.4,
15.426729999999907,0.9,-0.3,0.0,,1.73
15.436550000000011,0.5,-1.2,0.2,,1.37
15.446359999999913,0.5,-1.2,0.2,-348.8,
15.45616999999993,0.2,0.3,0.0,-353.6,
15.46598999999992,0.2,0.3,0.0,,1.69
15.47571999999991,-0.3,0.5,-0.1,-352.2,
15.485529999999926,-0.3,0.5,-0.1,,2.33
15.495339999999942,-0.3,0.5,-0.1,,2.33
15.505159999999933,0.3,0.2,-0.3,,1.18
15.514969999999948,0.3,0.2,-0.3,,1.18
15.524779999999964,-1.1,-0.4,0.1,-357.0,
15.534599999999955,-1.1,-0.4,0.1,,2.1
15.54440999999997,0.3,1.4,0.5,,1.78
15.554219999999987,0.3,1.4,0.5,,1.78
15.564039999999977,-0.4,0.4,-0.6,,2.28
15.573849999999993,-0.4,0.4,-0.6,,2.28
15.583579999999984,-1.6,0.4,0.6,-357.0,
15.59339,-1.6,0.4,0.6,,2.6
15.603199999999902,-0.6,0.5,-0.3,,1.18
15.613020000000006,-0.6,0.5,-0.3,,1.18
15.622829999999908,-0.5,0.2,-0.2,,2.28
15.632639999999924,-0.5,0.2,-0.2,,2.28
15.642459999999915,0.1,0.3,0.3,,1.78
15.65226999999993,0.1,0.3,0.3,,1.78
15.662079999999946,0.3,0.3,-0.1,,1.69
15.671899999999937,0.3,0.3,-0.1,,1.69
15.681709999999953,0.3,0.3,-0.1,,0.91
15.691519999999969,-0.4,0.4,-1.6,,0.91
15.701249999999959,-0.4,0.4,-1.6,,0.91
15.711059999999975,-0.2,-0.5,0.4,-348.0,
15.720879999999966,-0.2,-0.5,0.4,,1.73
15.730689999999981,-0.2,-0.2,0.8,,2.92
15.740499999999997,-0.2,-0.2,0.8,-350.0,
15.750319999999988,0.5,-0.4,0.0,,1.73
15.760130000000004,0.5,-0.4,0.0,,1.73
15.769939999999906,0.3,0.3,0.2,-333.0,
15.77976000000001,0.3,0.3,0.2,,2.28
15.789569999999912,-0.3,-0.6,0.3,,2.28
15.799379999999928,-0.3,-0.6,0.3,-317.6,
15.809109999999919,6.9,14.2,-29.8,,1.18
15.81892999999991,6.9,14.2,-29.8,,1.18
15.828739999999925,-0.3,-1.1,-0.7,,1.27
15.838549999999941,-0.3,-1.1,-0.7,,1.27
15.848369999999932,0.4,-0.4,-1.2,,2.6
15.858179999999948,0.4,-0.4,-1.2,,2.6
15.867989999999963,0.4,1.0,0.5,,1.37
15.877809999999954,0.4,1.0,0.5,,1.37
15.88761999999997,0.4,1.0,0.5,,1.78
15.897429999999986,0.2,-0.7,0.3,,1.78
15.907249999999976,0.2,-0.7,0.3,,1.78
15.917059999999992,0.1,-1.2,0.2,,1.37
15.926870000000008,0.1,-1.2,0.2,,1.37
15.936599999999999,0.8,-0.5,-0.4,-348.0,
15.9464099999999,0.8,-0.5,-0.4,,1.5
15.956230000000005,0.1,-0.1,0.0,,1.59
15.966039999999907,0.1,-0.1,0.0,,1.59
15.975849999999923,-0.6,0.2,-0.2,,2.6
15.985669999999914,-0.6,0.2,-0.2,,2.6
15.99547999999993,0.4,0.0,-0.8,-355.6,
16.005289999999945,0.4,0.0,-0.8,,2.6
16.015109999999936,0.3,0.0,0.2,,2.6
16.024919999999952,0.3,0.0,0.2,,2.6
16.034729999999968,-0.9,-1.0,-0.4,,1.69
16.04454999999996,-0.9,-1.0,-0.4,,1.69
16.05427999999995,-0.2,0.2,-0.8,,1.37
16.064089999999965,-0.2,0.2,-0.8,-357.8,
16.07389999999998,-0.2,0.2,-0.8,,2.6
16.08371999999997,0.2,-0.1,-0.4,,2.6
16.093529999999987,0.2,-0.1,-0.4,-358.4,
16.103340000000003,-1.0,-0.4,-0.1,,1.0
16.113159999999993,-1.0,-0.4,-0.1,,1.0
16.12297000000001,0.0,-0.7,-0.3,-353.6,
16.13277999999991,0.0,-0.7,-0.3,,1.69
16.142599999999902,-0.3,0.2,0.0,,2.1
16.152409999999918,-0.3,0.2,0.0,-353.6,
16.162219999999934,-0.6,0.6,0.6,,2.28
16.172039999999924,-0.6,0.6,0.6,,2.28
16.18175999999994,0.1,-0.4,1.2,,1.55
16.19157999999993,0.1,-0.4,1.2,,1.55
16.201389999999947,0.6,-0.7,0.0,,2.28
16.211199999999963,0.6,-0.7,0.0,,2.28
16.221019999999953,0.2,-0.3,-0.5,,1.0
16.23082999999997,0.2,-0.3,-0.5,,1.0
16.240639999999985,-0.4,0.3,1.3,,2.14
16.250459999999975,-0.4,0.3,1.3,,2.14
16.26026999999999,-0.4,0.3,1.3,,1.55
16.270080000000007,0.3,-0.3,0.1,,1.55
16.279899999999998,0.3,-0.3,0.1,-333.0,
16.289710000000014,0.2,0.1,-0.2,-333.0,
16.299440000000004,0.2,0.1,-0.2,,2.28
16.309249999999906,1.1,0.1,-0.6,,1.69
16.319059999999922,1.1,0.1,-0.6,,1.69
16.328879999999913,0.1,0.2,0.8,,1.69
16.33868999999993,0.1,0.2,0.8,,1.69
16.348499999999945,-0.3,0.3,-0.7,-350.8,
16.358319999999935,-0.3,0.3,-0.7,-350.8,
16.36812999999995,-0.6,1.3,-0.4,,1.37
16.377939999999967,-0.6,1.3,-0.4,,1.37
16.387759999999957,0.9,-0.2,0.0,,1.18
16.397569999999973,0.9,-0.2,0.0,,1.18
16.40737999999999,0.3,-0.4,-0.4,,2.74
16.41710999999998,0.3,-0.4,-0.4,-359.8,
16.427009999999996,0.7,0.3,0.0,-350.8,
16.436739999999986,0.7,0.3,0.0,,1.91
16.446550000000002,0.9,-1.5,0.4,-358.6,
16.456369999999993,0.9,-1.5,0.4,,1.37
16.46618000000001,0.9,-1.5,0.4,,1.18
16.47598999999991,-0.4,0.4,-1.4,,1.18
16.4858099999999,-0.4,0.4,-1.4,,1.18
16.495619999999917,0.0,0.0,-0.3,,1.0
16.505429999999933,0.0,0.0,-0.3,,1.0
16.515249999999924,0.4,0.0,0.0,,1.37
16.52505999999994,0.4,0.0,0.0,,1.37
16.534869999999955,-0.3,0.1,0.4,,1.78
16.544689999999946,-0.3,0.1,0.4,,1.78
16.55440999999996,0.1,1.5,-0.5,-359.8,
16.564229999999952,0.1,1.5,-0.5,,2.6
16.574039999999968,-0.3,-0.1,-1.6,,1.37
16.583849999999984,-0.3,-0.1,-1.6,,1.37
16.593669999999975,-0.3,0.0,0.1,,2.28
16.60347999999999,-0.3,0.0,0.1,,2.28
16.613290000000006,0.4,0.5,0.3,-357.8,
16.623109999999997,0.4,0.5,0.3,,1.0
16.632920000000013,-1.3,0.2,0.6,,1.78
16.642729999999915,-1.3,0.2,0.6,-356.4,
16.652549999999906,-1.3,0.2,0.6,,1.37
16.66235999999992,-0.5,-1.3,-0.3,,1.37
16.672089999999912,-0.5,-1.3,-0.3,,1.37
16.681899999999928,-0.4,0.1,-0.3,,1.37
16.69171999999992,-0.4,0.1,-0.3,,1.37
16.701529999999934,0.1,-0.2,0.3,-350.8,
16.71133999999995,0.1,-0.2,0.3,-350.8,
16.72115999999994,-0.6,-1.0,0.4,,1.69
16.730969999999957,-0.6,-1.0,0.4,,1.69
16.740779999999972,-1.5,0.5,-0.4,,1.73
16.750599999999963,-1.5,0.5,-0.4,,1.73
16.76040999999998,-0.5,0.3,0.5,,1.64
16.770219999999995,-0.5,0.3,0.5,-331.6,
16.780039999999985,0.0,-1.0,0.2,-325.2,
16.78976,0.0,-1.0,0.2,,1.78
16.79957999999999,0.2,0.9,-0.2,,1.69
16.809390000000008,0.2,0.9,-0.2,,1.69
16.81919999999991,0.3,-1.6,0.6,,1.64
16.829020000000014,0.3,-1.6,0.6,,1.64
16.838829999999916,3.0,-5.6,-5.6,,2.6
16.848639999999932,3.0,-5.6,-5.6,,2.6
16.858459999999923,3.0,-5.6,-5.6,,2.28
16.86826999999994,0.1,1.1,0.8,-358.4,
16.878079999999954,0.1,1.1,0.8,,2.28
16.887899999999945,0.5,-0.8,-0.4,,1.37
16.89770999999996,0.5,-0.8,-0.4,,1.37
16.90743999999995,-0.2,-0.6,0.3,-358.4,
16.917249999999967,-0.2,-0.6,0.3,,2.28
16.927059999999983,0.1,1.3,0.0,,1.69
16.936879999999974,0.1,1.3,0.0,,1.69
16.94668999999999,0.3,-0.4,-0.1,,1.37
16.956500000000005,0.3,-0.4,-0.1,,1.37
16.966319999999996,-0.3,-0.5,0.1,-357.8,
16.976130000000012,-0.3,-0.5,0.1,,1.05
16.985939999999914,0.1,-0.2,-0.7,,1.0
16.995759999999905,0.1,-0.2,-0.7,-348.0,
17.00556999999992,1.0,0.1,0.1,,1.18
17.015379999999936,1.0,0.1,0.1,,1.18
17.025199999999927,0.3,0.8,0.1,,1.69
17.034929999999918,0.3,0.8,0.1,,1.69
17.044739999999933,0.3,0.1,1.5,,1.69
17.05454999999995,0.3,0.1,1.5,-354.6,
17.06436999999994,0.3,0.1,1.5,-354.6,
17.074179999999956,0.3,0.3,0.3,,1.0
17.08398999999997,0.3,0.3,0.3,,1.0
17.093809999999962,-0.4,0.1,0.4,,1.18
17.103619999999978,-0.4,0.1,0.4,,1.18
17.113429999999994,0.4,-0.3,0.1,,1.78
17.123249999999985,0.4,-0.3,0.1,-355.0,
17.13306,0.6,-0.4,-0.6,-353.0,
17.142869999999903,0.6,-0.4,-0.6,,1.37
17.152600000000007,-0.2,0.5,0.0,,2.28
17.16240999999991,-0.2,0.5,0.0,,2.28
17.172230000000013,1.2,-0.2,0.2,,1.78
17.182039999999915,1.2,-0.2,0.2,,1.78
17.19184999999993,0.4,-1.6,0.4,-348.0,
17.201669999999922,0.4,-1.6,0.4,,1.0
17.211479999999938,-0.9,0.6,0.0,,1.18
17.221289999999954,-0.9,0.6,0.0,,1.18
17.231109999999944,0.2,0.0,-0.4,,1.37
17.24091999999996,0.2,0.0,-0.4,,1.37
17.250729999999976,0.2,0.0,-0.4,-338.2,
17.260459999999966,0.3,-0.1,-0.6,-338.2,
17.270279999999957,0.3,-0.1,-0.6,,1.18
17.280089999999973,-0.3,0.3,0.2,,1.18
17.28989999999999,-0.3,0.3,0.2,,1.18
17.29971999999998,0.1,0.8,0.2,,2.28
17.309529999999995,0.1,0.8,0.2,,2.28
17.31934000000001,22.2,26.9,-24.2,-354.8,
17.32916,22.2,26.9,-24.2,,2.6
17.338969999999904,-0.8,0.0,-0.9,,1.69
17.34877999999992,-0.8,0.0,-0.9,-353.8,
17.35859999999991,0.7,0.5,0.8,,2.6
17.368409999999926,0.7,0.5,0.8,,2.6
17.378219999999942,-1.6,0.1,0.3,-354.4,
17.388039999999933,-1.6,0.1,0.3,,1.37
17.39775999999995,0.3,0.5,0.3,,1.78
17.40757999999994,0.3,0.5,0.3,-357.2,
17.417389999999955,0.0,0.0,-0.4,-348.8,
17.42719999999997,0.0,0.0,-0.4,,1.05
17.43701999999996,0.0,0.0,-0.4,-359.8,
17.446829999999977,0.1,-0.2,-0.2,,2.28
17.456639999999993,0.1,-0.2,-0.2,,1.18
17.466459999999984,0.3,0.3,0.2,,1.18
17.47627,0.3,0.3,0.2,-353.6,
17.4860799999999,1.2,-0.2,-1.4,,1.46
17.495900000000006,1.2,-0.2,-1.4,,1.46
17.505619999999908,-0.3,-1.3,0.6,,1.0
17.515440000000012,-0.3,-1.3,0.6,,1.0
17.525249999999915,-0.1,-0.5,0.5,,2.28
17.53505999999993,-0.1,-0.5,0.5,-358.4,
17.54487999999992,1.3,0.6,0.3,-348.8,
17.554689999999937,1.3,0.6,0.3,,1.05
17.564499999999953,0.2,-1.5,0.6,,1.78
17.574319999999943,0.2,-1.5,0.6,,1.78
17.58412999999996,-0.6,-0.5,-1.1,,1.69
17.593939999999975,-0.6,-0.5,-1.1,,1.69
17.603759999999966,0.3,0.4,0.0,-352.8,
17.61356999999998,0.3,0.4,0.0,,2.28
17.623299999999972,-0.1,-0.3,0.1,,1.18
17.633109999999988,-0.1,-0.3,0.1,,1.18
17.64292999999998,-0.1,-0.3,0.1,,1.41
17.652739999999994,-0.1,-0.5,-0.8,,1.41
17.66255000000001,-0.1,-0.5,-0.8,,1.41
17.67237,-0.1,0.6,-0.1,-353.6,
17.682179999999903,-0.1,0.6,-0.1,,1.69
17.69198999999992,0.3,-0.4,0.0,,1.37
17.70180999999991,0.3,-0.4,0.0,-354.8,
17.711619999999925,-0.5,-0.7,-0.2,,1.73
17.72142999999994,-0.5,-0.7,-0.2,,1.73
17.731249999999932,-0.2,-1.3,-0.4,-345.6,
17.741059999999948,-0.2,-1.3,-0.4,,2.28
17.750789999999938,-0.7,-0.4,0.4,,1.37
17.760599999999954,-0.7,-0.4,0.4,-328.6,
17.77040999999997,0.0,-1.1,-0.5,,1.18
17.78022999999996,0.0,-1.1,-0.5,,1.18
17.790039999999976,0.5,-0.2,-0.1,,1.37
17.799849999999992,0.5,-0.2,-0.1,,1.37
17.809669999999983,0.9,0.1,-0.2,,1.18
17.81948,0.9,0.1,-0.2,-300.8,
17.8292899999999,0.9,0.1,-0.2,,1.37
17.839110000000005,-5.1,0.2,-4.2,,1.37
17.848919999999907,-5.1,0.2,-4.2,,1.37
17.858729999999923,0.1,-0.1,-1.6,,1.05
17.868549999999914,0.1,-0.1,-1.6,,1.05
17.878279999999904,0.2,0.4,-0.1,,1.27
17.88808999999992,0.2,0.4,-0.1,-353.6,
17.897899999999936,-0.4,-0.7,-0.1,,2.28
17.907719999999927,-0.4,-0.7,-0.1,,2.28
17.917529999999942,0.0,0.6,1.1,,2.28
17.92733999999996,0.0,0.6,1.1,,2.28
17.93715999999995,0.4,-0.5,-0.4,,1.37
17.946969999999965,0.4,-0.5,-0.4,-352.8,
17.95677999999998,-0.7,-0.4,0.2,-353.0,
17.96659999999997,-0.7,-0.4,0.2,,1.37
17.976409999999987,-0.3,-0.1,1.4,,2.01
17.986139999999978,-0.3,-0.1,1.4,,2.01
17.995949999999993,0.3,-0.1,0.0,,1.69
18.00576000000001,0.3,-0.1,0.0,,1.69
18.01558,-0.6,0.9,-0.6,,1.69
18.025389999999902,-0.6,0.9,-0.6,-353.6,
18.035199999999918,-0.6,0.9,-0.6,,1.69
18.04501999999991,0.1,-0.3,-0.8,,1.69
18.054829999999924,0.1,-0.3,-0.8,,1.69
18.06463999999994,0.5,-0.1,-0.2,,1.37
18.07445999999993,0.5,-0.1,-0.2,,1.37
18.084269999999947,-0.6,1.0,-0.3,-353.6,
18.094079999999963,-0.6,1.0,-0.3,,1.18
18.103809999999953,0.4,-1.0,1.5,,1.18
18.11361999999997,0.4,-1.0,1.5,-350.8,
18.12343999999996,1.2,0.0,0.5,,2.69
18.133249999999975,1.2,0.0,0.5,,2.69
18.14305999999999,-0.8,0.5,-0.2,-353.6,
18.152879999999982,-0.8,0.5,-0.2,,1.18
18.162689999999998,-0.3,-0.3,0.0,,2.42
18.172500000000014,-0.3,-0.3,0.0,-358.4,
18.182320000000004,0.3,0.3,-0.1,,1.37
18.192129999999906,0.3,0.3,-0.1,,1.37
18.201939999999922,-0.1,0.0,0.5,,1.37
18.211759999999913,-0.1,0.0,0.5,,1.37
18.221489999999903,-0.1,0.0,0.5,,1.05
18.23129999999992,0.9,0.2,-0.1,-330.6,
18.241109999999935,0.9,0.2,-0.1,-330.6,
18.250929999999926,0.3,0.2,-0.2,,1.05
18.26073999999994,0.3,0.2,-0.2,,1.05
18.270549999999957,-0.1,-0.4,-0.5,,1.64
18.280369999999948,-0.1,-0.4,-0.5,,1.64
18.290179999999964,-0.2,0.1,-0.4,,1.37
18.29998999999998,-0.2,0.1,-0.4,-297.4,
18.30980999999997,17.6,13.5,46.4,-349.4,
18.319619999999986,17.6,13.5,46.4,,1.0
18.329430000000002,-0.7,-0.4,1.2,,1.69
18.339159999999993,-0.7,-0.4,1.2,,1.69
18.34897000000001,-0.7,0.3,-0.2,,1.82
18.35879,-0.7,0.3,-0.2,,1.82
18.3685999999999,-0.2,1.4,0.2,-348.8,
18.378409999999917,-0.2,1.4,0.2,,1.18
18.388229999999908,-0.4,0.6,-0.1,,2.28
18.398039999999924,-0.4,0.6,-0.1,,2.28
18.40784999999994,0.8,0.2,-0.4,,2.74
18.41766999999993,0.8,0.2,-0.4,,2.74
18.427479999999946,0.8,0.2,-0.4,-359.8,
18.43728999999996,0.1,-1.5,-0.2,-359.8,
18.447109999999952,0.1,-1.5,-0.2,,2.74
18.456839999999943,0.3,-0.5,-0.5,,1.37
18.46664999999996,0.3,-0.5,-0.5,-354.4,
18.476459999999975,0.0,0.8,0.1,,1.18
18.486279999999965,0.0,0.8,0.1,,1.18
18.49608999999998,0.2,-0.2,-0.1,-350.8,
18.505899999999997,0.2,-0.2,-0.1,,1.0
18.515719999999988,0.4,0.5,1.3,,2.28
18.525530000000003,0.4,0.5,1.3,-352.8,
18.535339999999906,-0.7,0.5,0.4,,1.69
18.54516000000001,-0.7,0.5,0.4,,1.69
18.554969999999912,0.5,0.2,0.3,,1.96
18.564699999999903,0.5,0.2,0.3,,1.96
18.57450999999992,0.7,-0.1,-0.1,-355.6,
18.584319999999934,0.7,-0.1,-0.1,,2.28
18.594139999999925,0.7,0.4,0.0,-355.0,
18.60394999999994,0.7,0.4,0.0,-355.0,
18.613759999999957,0.7,0.4,0.0,,1.37
18.623579999999947,0.2,-0.4,0.6,,1.37
18.633389999999963,0.2,-0.4,0.6,,1.37
18.64319999999998,0.1,0.3,0.1,,1.69
18.65301999999997,0.1,0.3,0.1,,1.69
18.662829999999985,-0.3,0.4,-0.9,-355.6,
18.67264,-0.3,0.4,-0.9,,2.28
18.682459999999992,1.4,-0.3,0.6,,1.05
18.692270000000008,1.4,-0.3,0.6,,1.05
18.701999999999998,0.4,-0.2,0.8,,1.37
18.711810000000014,0.4,-0.2,0.8,,1.37
18.721619999999916,-0.3,0.7,0.0,,2.28
18.731439999999907,-0.3,0.7,0.0,-352.8,
18.741249999999923,0.2,0.2,-0.4,,1.91
18.75105999999994,0.2,0.2,-0.4,,1.91
18.76087999999993,-0.3,-0.2,0.5,,1.37
18.770689999999945,-0.3,-0.2,0.5,,1.37
18.78049999999996,0.3,0.2,-1.6,,1.73
18.79031999999995,0.3,0.2,-1.6,-322.6,
18.800049999999942,0.2,0.1,-0.1,,1.69
18.809859999999958,0.2,0.1,-0.1,,1.69
18.819669999999974,0.2,0.1,-0.1,,2.28
18.829489999999964,0.1,-0.4,0.0,,2.28
18.83929999999998,0.1,-0.4,0.0,,2.28
18.849109999999996,-0.4,0.3,1.5,,1.96
18.858929999999987,-0.4,0.3,1.5,,1.96
18.868740000000003,-0.8,0.5,-0.6,,1.5
18.878549999999905,-0.8,0.5,-0.6,,1.5
18.88837000000001,0.4,-0.4,0.2,,1.69
18.89817999999991,0.4,-0.4,0.2,,1.69
18.907989999999927,0.4,-0.3,-0.1,,1.82
18.917809999999918,0.4,-0.3,-0.1,,1.82
18.927529999999933,0.3,0.3,-0.3,-241.0,
18.937349999999924,0.3,0.3,-0.3,,1.18
18.94715999999994,0.5,-1.1,0.4,,1.37
18.956969999999956,0.5,-1.1,0.4,-234.8,
18.966789999999946,-0.6,0.3,-0.3,,1.69
18.976599999999962,-0.6,0.3,-0.3,,1.69
18.986409999999978,0.2,1.1,-0.7,,1.0
18.99622999999997,0.2,1.1,-0.7,,1.0
19.006039999999985,0.2,1.1,-0.7,,1.32
19.01585,0.2,-0.4,0.4,,1.32
19.02566999999999,0.2,-0.4,0.4,,1.32
19.03539999999998,-0.4,-0.7,-0.1,,1.59
19.045209999999997,-0.4,-0.7,-0.1,,1.59
19.055020000000013,-0.5,0.9,0.1,,2.28
19.064840000000004,-0.5,0.9,0.1,,2.28
19.074649999999906,0.2,-0.7,-1.6,,1.37
19.084459999999922,0.2,-0.7,-1.6,-174.2,
19.094279999999912,-0.3,-0.5,0.3,,2.28
19.10408999999993,-0.3,-0.5,0.3,,2.28
19.113899999999944,0.0,0.4,0.2,,1.96
19.123719999999935,0.0,0.4,0.2,,1.96
19.13352999999995,-1.6,-0.5,-0.5,,1.27
19.143339999999966,-1.6,-0.5,-0.5,-156.6,
19.153069999999957,-0.7,0.9,-0.3,,1.82
19.162879999999973,-0.7,0.9,-0.3,,1.82
19.172699999999963,-0.3,-0.2,-0.6,,2.28
19.18250999999998,-0.3,-0.2,-0.6,,2.28
19.192319999999995,-0.3,-0.4,-0.5,,1.64
19.202139999999986,-0.3,-0.4,-0.5,-137.6,
19.21195,-0.3,-0.4,-0.5,,1.32
19.221759999999904,-0.3,0.6,0.0,,1.32
19.231580000000008,-0.3,0.6,0.0,-128.6,
19.24138999999991,0.2,-0.1,0.2,,1.0
19.251199999999926,0.2,-0.1,0.2,,1.0
19.261019999999917,-0.9,-0.9,-0.1,,1.82
19.270739999999932,-0.9,-0.9,-0.1,,1.82
19.280559999999923,-0.3,-0.1,1.4,,1.69
19.29036999999994,-0.3,-0.1,1.4,,1.69
19.300179999999955,-0.7,0.4,-0.4,,1.0
19.309999999999945,-0.7,0.4,-0.4,,1.0
19.31980999999996,-0.3,0.4,-0.2,,1.37
19.329619999999977,-0.3,0.4,-0.2,,1.37
19.339439999999968,0.3,0.6,0.1,-94.8,
19.349249999999984,0.3,0.6,0.1,,1.0
19.35906,0.5,0.1,-0.1,,1.18
19.36887999999999,0.5,0.1,-0.1,,1.18
19.378690000000006,0.7,0.7,-1.4,,2.28
19.388419999999996,0.7,0.7,-1.4,,2.28
19.398230000000012,0.7,0.7,-1.4,-81.4,
19.408050000000003,1.0,0.8,0.5,,1.37
19.417859999999905,1.0,0.8,0.5,,1.37
19.42766999999992,0.6,-0.5,-0.5,,1.96
19.43748999999991,0.6,-0.5,-0.5,,1.96
19.447299999999927,-1.4,0.0,0.2,,1.69
19.457109999999943,-1.4,0.0,0.2,,1.69
19.466929999999934,0.2,0.1,0.6,,1.37
19.47673999999995,0.2,0.1,0.6,,1.37
19.486549999999966,0.6,-0.5,0.1,,1.73
19.496369999999956,0.6,-0.5,0.1,-68.0,
19.506089999999972,-0.8,-0.2,0.1,,2.74
19.515909999999963,-0.8,-0.2,0.1,,2.74
19.52571999999998,0.1,0.1,0.3,,2.28
19.535529999999994,0.1,0.1,0.3,,2.28
19.545349999999985,0.8,0.0,1.2,,1.41
19.55516,0.8,0.0,1.2,-62.4,
19.564969999999903,-0.5,-0.3,0.7,,2.74
19.574790000000007,-0.5,-0.3,0.7,,2.74
19.58459999999991,0.0,0.2,0.1,-54.0,
19.594409999999925,0.0,0.2,0.1,,1.05
19.604229999999916,0.0,0.2,0.1,,1.37
19.61403999999993,1.0,-0.5,1.2,,1.37
19.623769999999922,1.0,-0.5,1.2,,1.37
19.633579999999938,0.2,0.0,0.0,,1.37
19.64339999999993,0.2,0.0,0.0,-47.6,
19.653209999999945,0.1,0.5,0.8,,1.59
19.66301999999996,0.1,0.5,0.8,,1.59
19.67283999999995,1.0,0.9,1.0,,1.05
19.682649999999967,1.0,0.9,1.0,,1.05
19.692459999999983,0.0,0.2,0.5,,2.28
19.702279999999973,0.0,0.2,0.5,,2.28
19.71208999999999,-0.3,0.7,0.2,,2.42
19.721900000000005,-0.3,0.7,0.2,,2.42
19.731719999999996,0.4,0.3,-1.6,,1.55
19.74144000000001,0.4,0.3,-1.6,,1.55
19.751260000000002,-0.2,0.6,-0.1,-30.0,
19.761069999999904,-0.2,0.6,-0.1,,1.18
19.77087999999992,-0.4,0.5,0.0,-30.0,
19.78069999999991,-0.4,0.5,0.0,,1.73
19.790509999999927,-0.4,0.5,0.0,,1.18
19.800319999999942,0.4,0.2,-0.3,,1.18
19.810139999999933,0.4,0.2,-0.3,,1.18
19.81994999999995,0.2,0.2,0.6,,1.18
19.829759999999965,0.2,0.2,0.6,,1.18
19.839579999999955,0.3,0.9,0.3,,1.64
19.84929999999997,0.3,0.9,0.3,,1.64
19.85911999999996,-0.2,0.2,-0.6,,2.6
19.868929999999978,-0.2,0.2,-0.6,,2.6
19.878739999999993,-0.8,-0.2,0.3,,1.69
19.888559999999984,-0.8,-0.2,0.3,,1.69
19.89837,-0.2,1.2,0.2,,1.18
19.908179999999902,-0.2,1.2,0.2,-28.4,
19.918000000000006,0.1,0.2,-0.4,,1.0
19.92780999999991,0.1,0.2,-0.4,,1.0
19.937619999999924,0.1,-1.6,0.1,,1.37
19.947439999999915,0.1,-1.6,0.1,,1.37
19.957169999999905,-0.6,-0.1,0.1,,1.73
19.96697999999992,-0.6,-0.1,0.1,-23.8,
19.976789999999937,1.1,0.6,0.0,,1.37
19.986609999999928,1.1,0.6,0.0,,1.37
19.996419999999944,1.1,0.6,0.0,,2.28
20.00622999999996,0.2,-1.5,0.5,,2.28
20.01604999999995,0.2,-1.5,0.5,,2.28
20.025859999999966,-0.6,1.0,1.1,,2.42
20.035669999999982,-0.6,1.0,1.1,,2.42
20.045489999999972,-0.8,-0.4,-0.4,,1.69
20.05529999999999,-0.8,-0.4,-0.4,,1.69
20.065110000000004,-0.5,-0.8,0.2,,1.41
20.074929999999995,-0.5,-0.8,0.2,,1.41
20.08465000000001,0.5,-0.6,0.5,,1.69
20.09447,0.5,-0.6,0.5,,1.69
20.104279999999903,-0.6,-0.3,0.1,,1.41
20.11408999999992,-0.6,-0.3,0.1,,1.41
20.12390999999991,0.7,-0.6,0.9,,1.05
20.133719999999926,0.7,-0.6,0.9,,1.05
20.14352999999994,0.7,-0.2,-0.1,,1.73
20.153349999999932,0.7,-0.2,-0.1,,1.73
20.163159999999948,0.2,-0.1,0.1,,1.96
20.172969999999964,0.2,-0.1,0.1,,1.96
20.182789999999954,0.2,-0.1,0.1,,1.37
20.192519999999945,-0.3,-0.8,0.1,,1.37
20.20232999999996,-0.3,-0.8,0.1,,1.37
20.212139999999977,-0.2,-0.6,-0.3,,2.28
20.221959999999967,-0.2,-0.6,-0.3,,2.28
20.231769999999983,-0.4,1.0,0.2,,1.14
20.24158,-0.4,1.0,0.2,,1.14
20.25139999999999,0.5,-0.8,1.0,,1.64
20.261210000000005,0.5,-0.8,1.0,-11.0,
20.271019999999908,-0.2,-0.5,0.1,,1.37
20.280840000000012,-0.2,-0.5,0.1,,1.37
20.290649999999914,0.3,0.5,-0.1,,2.6
20.30045999999993,0.3,0.5,-0.1,,2.6
20.31018999999992,-0.2,-1.1,0.5,,2.33
20.319999999999936,-0.2,-1.1,0.5,-9.6,
20.329819999999927,-0.3,-0.5,0.0,,1.37
20.339629999999943,-0.3,-0.5,0.0,,1.37
20.34943999999996,0.3,0.5,-0.4,,1.0
20.35925999999995,0.3,0.5,-0.4,,1.0
20.369069999999965,0.1,-0.6,0.0,,1.0
20.37887999999998,0.1,-0.6,0.0,,1.0
20.38869999999997,0.1,-0.6,0.0,,2.74
20.398509999999987,-1.3,-1.1,-0.2,,2.74
20.408320000000003,-1.3,-1.1,-0.2,-8.0,
20.418139999999994,0.6,0.1,-0.2,,2.28
20.42795000000001,0.6,0.1,-0.2,,2.28
20.43768,-0.2,0.1,-0.2,,1.37
20.447489999999902,-0.2,0.1,-0.2,,1.37
20.45729999999992,-0.5,-0.6,-0.1,,1.0
20.46711999999991,-0.5,-0.6,-0.1,,1.0
20.476929999999925,0.5,-0.2,-0.3,,2.6
20.48673999999994,0.5,-0.2,-0.3,,2.6
20.49655999999993,0.3,0.3,1.5,,1.46
20.506369999999947,0.3,0.3,1.5,,1.46
20.516179999999963,-0.6,-0.4,-0.3,-7.6,
20.525999999999954,-0.6,-0.4,-0.3,,1.0
20.53580999999997,-0.1,-0.2,-0.2,,1.18
20.545619999999985,-0.1,-0.2,-0.2,,1.18
20.555349999999976,0.1,0.1,-0.3,,1.32
20.565169999999966,0.1,0.1,-0.3,,1.32
20.574979999999982,0.1,0.1,-0.3,-6.0,
20.584789999999998,-0.5,-0.6,-0.2,,2.74
20.59460999999999,-0.5,-0.6,-0.2,,2.74
20.604420000000005,0.4,-0.4,-0.4,,1.37
20.614229999999907,0.4,-0.4,-0.4,,1.37
20.62405000000001,0.9,-0.2,0.6,,1.78
20.633859999999913,0.9,-0.2,0.6,,1.78
20.64366999999993,-0.6,0.9,0.0,,1.37
20.65348999999992,-0.6,0.9,0.0,,1.37
20.663209999999935,0.0,0.1,-1.6,,1.96
20.673029999999926,0.0,0.1,-1.6,-6.2,
20.682839999999942,0.5,0.2,0.0,,1.37
20.692649999999958,0.5,0.2,0.0,,1.37
20.70246999999995,-0.3,0.0,-0.1,,1.05
20.712279999999964,-0.3,0.0,-0.1,,1.05
20.72208999999998,0.1,0.2,1.3,,2.6
20.73190999999997,0.1,0.2,1.3,-5.2,
20.741719999999987,0.2,0.3,0.1,,1.32
20.751530000000002,0.2,0.3,0.1,,1.32
20.761259999999993,-0.9,0.5,-0.3,-4.8,
20.771079999999984,-0.9,0.5,-0.3,,1.46
20.78089,-0.9,0.5,-0.3,,1.46
20.7906999999999,-0.2,-0.1,1.5,-0.6,
20.800520000000006,-0.2,-0.1,1.5,-0.6,
20.810329999999908,0.2,-0.3,-0.1,,0.68
20.820139999999924,0.2,-0.3,-0.1,-4.8,
20.829959999999915,-0.7,0.0,0.0,,2.28
20.83976999999993,-0.7,0.0,0.0,,2.28
20.849579999999946,-1.5,-0.6,0.0,,1.37
